Suburb Name,Zone Name,Suburb Postcode
KURUNJANG,Ballarat,3337
MELTON,Ballarat,3337
MELTON WEST,Ballarat,3337
HARKNESS,Ballarat,3337
MELTON,Ballarat,3337
BROOKFIELD,Ballarat,3338
COBBLEBANK,Ballarat,3338
EYNESBURY,Ballarat,3338
MELTON SOUTH,Ballarat,3338
WEIR VIEWS,Ballarat,3338
STRATHTULLOH,Ballarat,3338
BACCHUS MARSH,Ballarat,3340
MADDINGLEY,Ballarat,3340
BALLIANG,Ballarat,3340
DARLEY,Ballarat,3340
DARLEY,Ballarat,3340
HOPETOUN PARK,Ballarat,3340
BACCHUS MARSH,Ballarat,3340
BALLAN,Ballarat,3342
ALFREDTON,Ballarat,3350
BALLARAT,Ballarat,3350
BALLARAT CENTRAL,Ballarat,3350
BALLARAT NORTH,Ballarat,3350
BLACK HILL,Ballarat,3350
BROWN HILL,Ballarat,3350
CANADIAN,Ballarat,3350
GOLDEN POINT,Ballarat,3350
INVERMAY PARK,Ballarat,3350
LAKE WENDOUREE,Ballarat,3350
MOUNT HELEN,Ballarat,3350
MOUNT PLEASANT,Ballarat,3350
MR HELEN,Ballarat,3350
SOLDIERS HILL,Ballarat,3350
BALLARAT,Ballarat,3350
BALLARAT EAST,Ballarat,3350
MOUNT CLEAR,Ballarat,3350
REDAN,Ballarat,3350
NERRINA,Ballarat,3350
LUCAS,Ballarat,3350
BLACK HILL,Ballarat,3350
NEWINGTON,Ballarat,3350
WENDOUREE,Ballarat,3355
LAKE GARDENS,Ballarat,3355
DELACOMBE,Ballarat,3356
SEBASTOPOL,Ballarat,3356
Delacombe,Ballarat,3356
DIGGERS REST,Ballarat,3427
GISBORNE,Ballarat,3437
GISBORNE SOUTH,Ballarat,3437
GISBORNE,Ballarat,3437
GIBORNE,Ballarat,3437
NEW GISBORNE,Ballarat,3438
NEWHAM,Ballarat,3442
WOODEND,Ballarat,3442
WOODEND NORTH,Ballarat,3442
CARLSRUHE,Ballarat,3442
DAYLESFORD,Ballarat,3460
CRESWICK,Ballarat,3363
RIDDELLS CREEK,Ballarat,3431
RIDDELLS CREEK,Ballarat,3431
MACEDON,Ballarat,3440
TRENTHAM,Ballarat,3458
NEWBURY,Ballarat,3458
Diggers Rest,BENDIGO,3427
Bulla,BENDIGO,3428
Sunbury,BENDIGO,3429
Wildwood,BENDIGO,3429
Riddells Creek,BENDIGO,3431
Cherokee,BENDIGO,3434
Kerrie,BENDIGO,3434
Romsey,BENDIGO,3434
Lancefield,BENDIGO,3435
Gisborne,BENDIGO,3437
Gisborne South,BENDIGO,3437
Macedon,BENDIGO,3440
Mount Macedon,BENDIGO,3441
Hesket,BENDIGO,3442
Woodend,BENDIGO,3442
Woodend North,BENDIGO,3442
Kyneton,BENDIGO,3444
Tylden,BENDIGO,3444
Malmsbury,BENDIGO,3446
Taradale,BENDIGO,3447
Elphinstone,BENDIGO,3448
Castlemaine,BENDIGO,3450
Chewton,BENDIGO,3451
Harcourt,BENDIGO,3453
Ravenswood,BENDIGO,3453
Harcourt,BENDIGO,3453
Maldon,BENDIGO,3463
Marong,BENDIGO,3515
Bendigo,BENDIGO,3550
Flora Hill,BENDIGO,3550
Ironbark,BENDIGO,3550
Kennington,BENDIGO,3550
Long Gully,BENDIGO,3550
North Bendigo,BENDIGO,3550
North Bendigo,BENDIGO,3550
Quarry Hill,BENDIGO,3550
Strathdale,BENDIGO,3550
White Hills,BENDIGO,3550
Epsom,BENDIGO,3551
Maiden Gully,BENDIGO,3551
Strathfieldsaye,BENDIGO,3551
Big Hill,BENDIGO,3555
Golden Gully,BENDIGO,3555
Golden Square,BENDIGO,3555
Kangaroo Flat,BENDIGO,3555
California Gully,BENDIGO,3556
Eaglehawk,BENDIGO,3556
Sailors Gully,BENDIGO,3556
GLENBROOK,BLUE MOUNTAINS,2773
LAPSTONE,BLUE MOUNTAINS,2773
BLAXLAND,BLUE MOUNTAINS,2774
MOUNT RIVERVIEW,BLUE MOUNTAINS,2774
WARRIMOO,BLUE MOUNTAINS,2774
BLAXLAND EAST,BLUE MOUNTAINS,2774
FAULCONBRIDGE,BLUE MOUNTAINS,2776
VALLEY HEIGHTS,BLUE MOUNTAINS,2777
HAWKESBURY HEIGHTS,BLUE MOUNTAINS,2777
SUN VALLEY,BLUE MOUNTAINS,2777
WINMALEE,BLUE MOUNTAINS,2777
YELLOW ROCK,BLUE MOUNTAINS,2777
HAZELBROOK,BLUE MOUNTAINS,2779
KATOOMBA,BLUE MOUNTAINS,2780
LEURA,BLUE MOUNTAINS,2780
WENTWORTH FALLS,BLUE MOUNTAINS,2782
LAWSON,BLUE MOUNTAINS,2783
BLACKHEATH,BLUE MOUNTAINS,2785
MOUNT VICTORIA,BLUE MOUNTAINS,2786
HARTLEY,BLUE MOUNTAINS,2790
LIDSDALE,BLUE MOUNTAINS,2790
LITHGOW,BLUE MOUNTAINS,2790
MARRANGAROO,BLUE MOUNTAINS,2790
BOWENFELS,BLUE MOUNTAINS,2790
LITTLETON,BLUE MOUNTAINS,2790
MCKELLARS PARK,BLUE MOUNTAINS,2790
SOUTH BOWENFELS,BLUE MOUNTAINS,2790
Pick Pack,Brisbane,1003
BRISBANE,Brisbane,4000
BRISBANE CITY,Brisbane,4000
Spring Hill,Brisbane,4000
PETRIE TERRACE,Brisbane,4000
NEW FARM,Brisbane,4005
NEWSTEAD,Brisbane,4005
TENERIFFE,Brisbane,4005
UPPER KEDRON,Brisbane,4005
FORTITUDE VALLEY,Brisbane,4006
Bowen Hills,Brisbane,4006
Ascot,Brisbane,4007
Hamilton,Brisbane,4007
Pinkenba,Brisbane,4008
Brisbane Airport,Brisbane,4009
EAGLE FARM,Brisbane,4009
PINKENBA,Brisbane,4009
ALBION,Brisbane,4010
CLAYFIELD,Brisbane,4011
HENDRA,Brisbane,4011
NUNDAH,Brisbane,4012
WAVELL HEIGHTS,Brisbane,4012
NORTHGATE,Brisbane,4013
BANYO,Brisbane,4014
NUDGEE,Brisbane,4014
VIRGINIA,Brisbane,4014
BRIGHTON,Brisbane,4017
DEAGON,Brisbane,4017
SANDGATE,Brisbane,4017
SHORNCLIFFE,Brisbane,4017
Bracken Ridge,Brisbane,4017
FITZGIBBON,Brisbane,4018
TAIGUM,Brisbane,4018
WOODY POINT,Brisbane,4019
WOODYPOINT,Brisbane,4019
Margate,Brisbane,4019
CLONTARF,Brisbane,4019
SCARBOROUGH,Brisbane,4020
Redcliffe,Brisbane,4020
KIPPARING,Brisbane,4021
KIPPA-RING,Brisbane,4021
LUTWYCHE,Brisbane,4030
WINDSOR,Brisbane,4030
WOOLOOWIN,Brisbane,4030
KALINGA,Brisbane,4030
KEDRON,Brisbane,4031
GORDON PARK,Brisbane,4031
CHERMSIDE WEST,Brisbane,4032
WEST CHERMSIDE,Brisbane,4032
Chermside,Brisbane,4032
ASPLEY,Brisbane,4034
BOONDALL,Brisbane,4034
CARSELDINE,Brisbane,4034
GEEBUNG,Brisbane,4034
ZILLMERE,Brisbane,4034
Albany Creek,Brisbane,4035
Bridgeman Downs,Brisbane,4035
BALD HILLS,Brisbane,4036
EATONS HILL,Brisbane,4037
ALDERLEY,Brisbane,4051
ENOGGERA,Brisbane,4051
GAYTHORNE,Brisbane,4051
GRANGE,Brisbane,4051
MITCHELTON,Brisbane,4051
NEW MARKET,Brisbane,4051
NEWMARKET,Brisbane,4051
WILSTON,Brisbane,4051
EVERTON HILLS,Brisbane,4053
EVERTON PARK,Brisbane,4053
MCDOWALL,Brisbane,4053
STAFFORD,Brisbane,4053
STAFFORD HEIGHTS,Brisbane,4053
ARANA HILLS,Brisbane,4054
KEPERRA,Brisbane,4054
BUNYA,Brisbane,4055
FERNY GROVE,Brisbane,4055
FERNY HILLS,Brisbane,4055
KELVIN GROVE,Brisbane,4059
RED HILL,Brisbane,4059
RED HILLS,Brisbane,4059
ASHGROVE,Brisbane,4060
THE GAP,Brisbane,4061
MILTON,Brisbane,4064
PADDINGTON,Brisbane,4064
BARDON,Brisbane,4065
AUCHENFLOWER,Brisbane,4066
TOOWONG,Brisbane,4066
MOUNT COOT-THA,Brisbane,4066
SAINT LUCIA,Brisbane,4067
ST LUCIA,Brisbane,4067
CHELMER,Brisbane,4068
INDOOROOPILLY,Brisbane,4068
RIVERVIEW TERRACE,Brisbane,4068
TARINGA,Brisbane,4068
CHAPEL HILL,Brisbane,4069
KENMORE HILLS,Brisbane,4069
Fig Tree Pocket,Brisbane,4069
Kenmore,Brisbane,4069
BROOKFIELD,Brisbane,4069
BELLBOWRIE,Brisbane,4070
MOGGILL,Brisbane,4070
SEVENTEEN MILE ROCKS,Brisbane,4073
SINNAMON PARK,Brisbane,4073
JAMBOREE HEIGHTS,Brisbane,4074
JINDALEE,Brisbane,4074
MIDDLE PARK,Brisbane,4074
MT OMMANEY,Brisbane,4074
RIVERHILLS,Brisbane,4074
WESTLAKE,Brisbane,4074
CORINDA,Brisbane,4075
GRACEVILLE,Brisbane,4075
OXLEY,Brisbane,4075
SHERWOOD,Brisbane,4075
DARRA,Brisbane,4076
DOOLANDELLA,Brisbane,4077
DURACK,Brisbane,4077
RICHLANDS,Brisbane,4077
INALA,Brisbane,4077
FOREST LAKE,Brisbane,4078
South Brisbane,Brisbane,4101
West End,Brisbane,4101
HIGHGATE HILL,Brisbane,4101
WOOLLOONGABBA,Brisbane,4102
WOOLOONGABBA,Brisbane,4102
DUTTON PARK,Brisbane,4102
ANNERLEY,Brisbane,4103
Fairfield,Brisbane,4103
Yeronga,Brisbane,4104
MOOROOKA,Brisbane,4105
TENNYSON,Brisbane,4105
YEERONGPILLY,Brisbane,4105
Rocklea,Brisbane,4106
SALISBURY,Brisbane,4107
COOPERS PLAINS,Brisbane,4108
SUNNYBANK HILLS,Brisbane,4109
Brsbane,Brisbane,4109
Robertson,Brisbane,4109
MACGREGOR,Brisbane,4109
HEATHWOOD,Brisbane,4110
Acacia Ridge,Brisbane,4110
Pallara,Brisbane,4110
NATHAN,Brisbane,4111
Kuraby,Brisbane,4112
Runcorn,Brisbane,4113
EIGHT MILE PLAINS,Brisbane,4113
KINGSTON,Brisbane,4114
LOGAN CENTRAL,Brisbane,4114
Woodridge,Brisbane,4114
DREWVALE,Brisbane,4116
CALAMVALE,Brisbane,4116
STRETTON,Brisbane,4116
Berrinba,Brisbane,4117
BROWNS PLAINS,Brisbane,4118
Forestdale,Brisbane,4118
HILLCREST,Brisbane,4118
HERITAGE PARK,Brisbane,4118
UNDERWOOD,Brisbane,4119
GREENSLOPES,Brisbane,4120
HOLLAND PARK WEST,Brisbane,4121
TARRAGINDI,Brisbane,4121
Holland Park,Brisbane,4121
MANSFIELD,Brisbane,4122
MOUNT GRAVATT EAST,Brisbane,4122
MOUNTGRAVATT EAST,Brisbane,4122
UPPER MOUNT GRAVATT,Brisbane,4122
WISHART,Brisbane,4122
Mount Gravatt,Brisbane,4122
MT GRAVATT EAST,Brisbane,4122
ROCHEDALE SOUTH,Brisbane,4123
ROCHEDALE,Brisbane,4123
ROCHDALE,Brisbane,4123
BORONIA HEIGHTS,Brisbane,4124
NEW BEITH,Brisbane,4124
Greenbank,Brisbane,4124
PARK RIDGE,Brisbane,4125
DAISY HILL,Brisbane,4127
SPRINGWOOD,Brisbane,4127
Slacks Creek,Brisbane,4127
SHAILER PARK,Brisbane,4128
Tanah Merah,Brisbane,4128
LOGANHOLME,Brisbane,4129
CORNUBIA,Brisbane,4130
LOGANLEA,Brisbane,4131
CRESTMEAD,Brisbane,4132
MARSDEN,Brisbane,4132
CHAMBERS FLAT,Brisbane,4133
LOGAN RESERVE,Brisbane,4133
COORPAROO,Brisbane,4151
CAMP HILL,Brisbane,4152
CARINA,Brisbane,4152
CARINA HEIGHTS,Brisbane,4152
CARINDALE,Brisbane,4152
BELMONT,Brisbane,4153
GUMDALE,Brisbane,4154
CHANDLER,Brisbane,4155
WAKERLEY,Brisbane,4154
Burbank,Brisbane,4156
CAPALABA,Brisbane,4157
SHELDON,Brisbane,4157
THORNESIDE,Brisbane,4158
Birkdale,Brisbane,4159
Murrumba Downs,Brisbane,4159
Ormiston,Brisbane,4160
WELLINGTON POINT,Brisbane,4160
ALEXANDRA HILLS,Brisbane,4161
CLEVELAND,Brisbane,4163
THORNLANDS,Brisbane,4164
MOUNT COTTON,Brisbane,4165
MT COTTON,Brisbane,4165
REDLAND BAY,Brisbane,4165
VICTORIA POINT,Brisbane,4165
EAST BRISBANE,Brisbane,4169
KANGAROO POINT,Brisbane,4169
QUEENSLAND,Brisbane,4169
KANGAROO POINT; QLD,Brisbane,4169
NORMAN PARK,Brisbane,4169
MORNINGSIDE,Brisbane,4170
Seven Hills,Brisbane,4170
CANNON HILL,Brisbane,4170
Bulimba,Brisbane,4171
Hawthorne,Brisbane,4171
BALMORAL,Brisbane,4171
MURARRIE,Brisbane,4172
Murarrie,Brisbane,4172
TINGALPA,Brisbane,4173
HEMMANT,Brisbane,4174
WYNNUM,Brisbane,4178
WYNNUM WEST,Brisbane,4178
LOTA,Brisbane,4179
MANLY,Brisbane,4179
MANLY WEST,Brisbane,4179
BROOKWATER,Brisbane,4300
SPRINGFIELD LAKES,Brisbane,4300
Augustine Heights,Brisbane,4300
Goodna,Brisbane,4300
BELLBIRD PARK,Brisbane,4300
CAMIRA,Brisbane,4300
SPRINGFIELD,Brisbane,4300
GAILES,Brisbane,4300
COLLINGWOOD PARK,Brisbane,4301
REDBANK PLAINS,Brisbane,4301
BUNDAMBA,Brisbane,4304
Blackstone,Brisbane,4304
Ebbwvale,Brisbane,4304
BRASSALL,Brisbane,4305
EASTERN HTS,Brisbane,4305
FLINDERS VIEW,Brisbane,4305
IPSWICH,Brisbane,4305
NEWTOWN,Brisbane,4305
WOODEND,Brisbane,4305
YAMANTO,Brisbane,4305
EASTERN HEIGHTS,Brisbane,4305
Leichhardt,Brisbane,4305
NORTH IPSWICH,Brisbane,4305
SADLIERS CROSSING,Brisbane,4305
CHURCHILL,Brisbane,4305
RACEVIEW,Brisbane,4305
SILKSTONE,Brisbane,4305
Wulkuraka,Brisbane,4305
EAST IPSWICH,Brisbane,4305
MOUNT CROSBY,Brisbane,4306
Thagoona,Brisbane,4306
HAIGSLEA,Brisbane,4306
RIPLEY,Brisbane,4306
SOUTH RIPLEY,Brisbane,4306
WALLOON,Brisbane,4306
KARANA DOWNS,Brisbane,4306
PINE MOUNTAIN,Brisbane,4306
Bray Park,Brisbane,4500
Brendale,Brisbane,4500
Cashmere,Brisbane,4500
JOYNER,Brisbane,4500
STRATHPINE,Brisbane,4500
WARNER,Brisbane,4500
Lawnton,Brisbane,4501
PETRIE,Brisbane,4502
DAKABIN,Brisbane,4503
GRIFFIN,Brisbane,4503
KALLANGUR,Brisbane,4503
KURWONGBAH,Brisbane,4503
NARANGBA,Brisbane,4504
BURPENGARY,Brisbane,4505
BURPENGARY EAST,Brisbane,4505
Morayfield,Brisbane,4506
DECEPTION BAY,Brisbane,4508
Algester,Brisbane,4115
Rothwell,Brisbane,4022
Bethania,Brisbane,4205
Rocklea,Brisbane,4016
Dinmore,Brisbane,4303
BARTON,Canberra,2600
YARRALUMLA,Canberra,2600
PARKES,Canberra,2600
DEAKIN,Canberra,2600
CANBERRA,Canberra,2600
acton,Canberra,2601
AINSLIE,Canberra,2602
DICKSON,Canberra,2602
DOWNER,Canberra,2602
HACKETT,Canberra,2602
LYNEHAM,Canberra,2602
NORTH LYNEHAM,Canberra,2602
O'CONNOR,Canberra,2602
WATSON,Canberra,2602
GRIFFITH,Canberra,2603
RED HILL,Canberra,2603
FORREST,Canberra,2603
NARRABUNDAH,Canberra,2604
CURTIN,Canberra,2605
GARRAN,Canberra,2605
HUGHES,Canberra,2605
LYONS,Canberra,2606
PHILLIP,Canberra,2606
O'MALLEY,Canberra,2606
FARRER,Canberra,2607
MAWSON,Canberra,2607
PEARCE,Canberra,2607
ISAACS,Canberra,2607
TORRENS,Canberra,2607
FYSHWICK,Canberra,2609
PIALLIGO,Canberra,2609
SYMONSTON,Canberra,2609
CANBERRA AIRPORT,Canberra,2609
CHAPMAN,Canberra,2611
COOMBS,Canberra,2611
DENMAN PROSPECT,Canberra,2611
DUFFY,Canberra,2611
FISHER,Canberra,2611
HOLDER,Canberra,2611
RIVETT,Canberra,2611
WARAMANGA,Canberra,2611
WESTON,Canberra,2611
WRIGHT,Canberra,2611
URIARRA VILLAGE,Canberra,2611
STIRLING,Canberra,2611
BRADDON,Canberra,2612
CAMPBELL,Canberra,2612
REID,Canberra,2612
TURNER,Canberra,2612
COOK,Canberra,2614
HAWKER,Canberra,2614
MACQUARIE,Canberra,2614
SCULLIN,Canberra,2614
WEETANGERA,Canberra,2614
PAGE,Canberra,2614
ARANDA,Canberra,2614
CHARNWOOD,Canberra,2615
DUNLOP,Canberra,2615
FLOREY,Canberra,2615
FLYNN,Canberra,2615
FRASER,Canberra,2615
HIGGINS,Canberra,2615
HOLT,Canberra,2615
LATHAM,Canberra,2615
MELBA,Canberra,2615
SPENCE,Canberra,2615
BRUCE,Canberra,2617
EVATT,Canberra,2617
KALEEN,Canberra,2617
LAWSON,Canberra,2617
MCKELLAR,Canberra,2617
BELCONNEN,Canberra,2617
GIRALANG,Canberra,2617
HALL,Canberra,2618
JERRABOMBERRA,Canberra,2619
QUEANBEYAN,Canberra,2620
CARWOOLA,Canberra,2620
CRESTWOOD,Canberra,2620
GOOGONG,Canberra,2620
GREENLEIGH,Canberra,2620
GUNDAROO,Canberra,2620
HUME,Canberra,2620
KARABAR,Canberra,2620
MICHELAGO,Canberra,2620
QUEANBEYAN EAST,Canberra,2620
QUEANBEYAN WEST,Canberra,2620
BURRA,Canberra,2620
SUTTON,Canberra,2620
ROYALLA,Canberra,2620
THARWA,Canberra,2620
GREENWAY,Canberra,2900
Kambah,Canberra,2902
WANNIASSA,Canberra,2903
FADDEN,Canberra,2904
GOWRIE,Canberra,2904
MACARTHUR,Canberra,2904
MONASH,Canberra,2904
BONYTHON,Canberra,2905
CALWELL,Canberra,2905
GILMORE,Canberra,2905
ISABELLA PLAINS,Canberra,2905
RICHARDSON,Canberra,2905
THEODORE,Canberra,2905
BANKS,Canberra,2906
CONDER,Canberra,2906
GORDON,Canberra,2906
CRACE,Canberra,2911
MITCHELL,Canberra,2911
GUNGAHLIN,Canberra,2912
CASEY,Canberra,2913
FRANKLIN,Canberra,2913
NGUNNAWAL,Canberra,2913
NICHOLLS,Canberra,2913
PALMERSTON,Canberra,2913
AMAROO,Canberra,2914
BONNER,Canberra,2914
FORDE,Canberra,2914
HARRISON,Canberra,2914
MONCRIEFF,Canberra,2914
JACKA,Canberra,2914
Harrison,Canberra,2914
MOUNT COLAH,Central Coast,2079
BEROWRA,Central Coast,2081
BEROWRA HEIGHT,Central Coast,2082
BEROWRA HEIGHTS,Central Coast,2082
ARCADIA,Central Coast,2159
GALSTON,Central Coast,2159
CALGA,Central Coast,2250
EAST GOSFORD,Central Coast,2250
ERINA,Central Coast,2250
HOLGATE,Central Coast,2250
KARIONG,Central Coast,2250
LISAROW,Central Coast,2250
MANGROVE MOUNTAIN,Central Coast,2250
NARARA,Central Coast,2250
NIAGARA PARK,Central Coast,2250
NORTH GOSFORD,Central Coast,2250
POINT CLARE,Central Coast,2250
SPRINGFIELD,Central Coast,2250
TASCOTT,Central Coast,2250
WYOMING,Central Coast,2250
GOSFORD,Central Coast,2250
POINT FREDERICK,Central Coast,2250
SOMERSBY,Central Coast,2250
WEST GOSFORD,Central Coast,2250
AVOCA BEACH,Central Coast,2251
COPACABANA,Central Coast,2251
GREEN POINT,Central Coast,2251
KINCUMBER,Central Coast,2251
MACMASTERS BEACH,Central Coast,2251
BENSVILLE,Central Coast,2251
DAVISTOWN,Central Coast,2251
SARATOGA,Central Coast,2251
YATTALUNGA,Central Coast,2251
KINCUMBER SOUTH,Central Coast,2251
KOOLEWONG,Central Coast,2256
PHEGANS BAY,Central Coast,2256
WOY WOY,Central Coast,2256
WOY WOY BAY,Central Coast,2256
BLACKWALL,Central Coast,2256
PATONGA,Central Coast,2256
BOOKER BAY,Central Coast,2257
DALEYS POINT,Central Coast,2257
EMPIRE BAY,Central Coast,2257
ETTALONG BEACH,Central Coast,2257
KILLCARE HEIGHTS,Central Coast,2257
SAINT HUBERTS ISLAND,Central Coast,2257
UMINA,Central Coast,2257
UMINA BEACH,Central Coast,2257
KILLCARE,Central Coast,2257
ST HUBERTS ISLAND,Central Coast,2257
ETTALONG,Central Coast,2257
KANGY ANGY,Central Coast,2258
OURIMBAH,Central Coast,2258
FOUNTAINDALE,Central Coast,2258
CHAIN VALLEY BAY,Central Coast,2259
LAKE MUNMORAH,Central Coast,2259
MANNERING PARK,Central Coast,2259
SUMMERLAND POINT,Central Coast,2259
TUGGERAH,Central Coast,2259
TUGGERAWONG,Central Coast,2259
WATANOBBI,Central Coast,2259
WYEE POINT,Central Coast,2259
YARRAMALONG,Central Coast,2259
GOROKAN,Central Coast,2259
GWANDALAN,Central Coast,2259
HAMLYN TERRACE,Central Coast,2259
KANWAL,Central Coast,2259
MARDI,Central Coast,2259
WADALBA,Central Coast,2259
WOONGARRAH,Central Coast,2259
WYEE,Central Coast,2259
WYONG,Central Coast,2259
WARNERVALE,Central Coast,2259
WYONGAH,Central Coast,2259
JILLIBY,Central Coast,2259
WALLARAH,Central Coast,2259
ERINA HEIGHTS,Central Coast,2260
FORRESTERS BEACH,Central Coast,2260
NORTH AVOCA,Central Coast,2260
TERRIGAL,Central Coast,2260
WAMBERAL,Central Coast,2260
WAMBERRAL,Central Coast,2260
BATEAU BAY,Central Coast,2261
BERKELEY VALE,Central Coast,2261
CHITTAWAY BAY,Central Coast,2261
KILLARNEY VALE,Central Coast,2261
LONG JETTY,Central Coast,2261
TUMBI UMBI,Central Coast,2261
BLUE BAY,Central Coast,2261
SHELLY BEACH,Central Coast,2261
THE ENTRANCE,Central Coast,2261
THE ENTRANCE NORTH,Central Coast,2261
CHITTAWAY POINT,Central Coast,2261
GLENNING VALLEY,Central Coast,2261
BUFF POINT,Central Coast,2262
SAN REMO,Central Coast,2262
BLUE HAVEN,Central Coast,2262
HALEKULANI,Central Coast,2262
BUDGEWOI,Central Coast,2262
NORAH HEAD,Central Coast,2263
TOUKLEY,Central Coast,2263
CANTON BEACH,Central Coast,2263
LAKE HAVEN,Central Coast,2263
NORAVILLE,Central Coast,2263
LAKEHAVEN,Central Coast,2263
CHARMHAVEN,Central Coast,2263
BALCOLYN,Central Coast,2264
BONNELLS BAY,Central Coast,2264
BRIGHTWATERS,Central Coast,2264
DORA CREEK,Central Coast,2264
MANDALONG,Central Coast,2264
MORISSET,Central Coast,2264
MORISSET PARK,Central Coast,2264
COORANBONG,Central Coast,2265
MARTINSVILLE,Central Coast,2265
COORANGBONG,Central Coast,2265
WANGI,Central Coast,2267
WANGI WANGI,Central Coast,2267
WAKEFIELD,Central Coast,2278
BARNSLEY,Central Coast,2278
KILLINGWORTH,Central Coast,2278
BELMONT,Central Coast,2280
BELMONT NORTH,Central Coast,2280
FLORAVILLE,Central Coast,2280
JEWELLS,Central Coast,2280
VALENTINE,Central Coast,2280
BELMONT SOUTH,Central Coast,2280
CROUDACE BAY,Central Coast,2280
MARKS POINT,Central Coast,2280
CATHERINE HILL BAY,Central Coast,2281
CAVES BEACH,Central Coast,2281
NORDS WHARF,Central Coast,2281
SWANSEA HEADS,Central Coast,2281
BLACKSMITHS,Central Coast,2281
SWANSEA,Central Coast,2281
MURRAYS BEACH,Central Coast,2281
PELICAN,Central Coast,2281
ELEEBANA,Central Coast,2282
WARNERS BAY,Central Coast,2282
LAKELANDS,Central Coast,2282
ARCADIA VALE,Central Coast,2283
BOLTON POINT,Central Coast,2283
BUTTABA,Central Coast,2283
CAREY BAY,Central Coast,2283
COAL POINT,Central Coast,2283
FENNELL BAY,Central Coast,2283
BLACKALLS PARK,Central Coast,2283
FASSIFERN,Central Coast,2283
FISHING POINT,Central Coast,2283
KILABEN BAY,Central Coast,2283
RATHMINES,Central Coast,2283
TORONTO,Central Coast,2283
SPEERS POINT,Central Coast,2284
TERALBA,Central Coast,2284
ARGENTON,Central Coast,2284
WOODRISING,Central Coast,2284
BOOLAROO,Central Coast,2284
CAMERON PARK,Central Coast,2285
CARDIFF SOUTH,Central Coast,2285
EDGEWORTH,Central Coast,2285
GLENDALE,Central Coast,2285
MACQUARIE HILLS,Central Coast,2285
CARDIFF,Central Coast,2285
CARDIFF HEIGHTS,Central Coast,2285
WEST WALLSEND,Central Coast,2286
HOLMESVILLE,Central Coast,2286
ELERMORE VALE,Central Coast,2287
FLETCHER,Central Coast,2287
MARYLAND,Central Coast,2287
MINMI,Central Coast,2287
RANKIN PARK,Central Coast,2287
BIRMINGHAM GARDENS,Central Coast,2287
DUDLEY,Central Coast,2290
GATESHEAD,Central Coast,2290
KAHIBAH,Central Coast,2290
MOUNT HUTTON,Central Coast,2290
REDHEAD,Central Coast,2290
WHITEBRIDGE,Central Coast,2290
HILLSBOROUGH,Central Coast,2290
TINGIRA HEIGHTS,Central Coast,2290
MERE,Central Coast,2291
MEREWEATHER,Central Coast,2291
MEREWETHER,Central Coast,2291
MEREWETHER HEIGHTS,Central Coast,2291
THE JUNCTION,Central Coast,2291
BROADMEADOW,Central Coast,2292
HAMILTON NORTH,Central Coast,2292
MARYVILLE,Central Coast,2293
WICKHAM,Central Coast,2293
CARRINGTON,Central Coast,2294
STOCKTON,Central Coast,2295
FERN BAY,Central Coast,2295
FERNBAY,Central Coast,2295
ISLINGTON,Central Coast,2296
TIGHES HILL,Central Coast,2297
LAMBTON,Central Coast,2299
NORTH LAMBTON,Central Coast,2299
JESMOND,Central Coast,2299
Jilliby,Central Coast,2259
JILLIBY,Central Coast,2259
Canungra,GC Hinterland,4275
Boonah,GC Hinterland,4310
Tamborine Mountian,GC Hinterland,4272
Tambourine Mountain,GC Hinterland,4272
LITTLE RIVER,Geelong,3211
LARA,Geelong,3212
LOVELY BANKS,Geelong,3213
BATESFORD,Geelong,3213
ANAKIE,Geelong,3213
LOVELY BANKS,Geelong,3213
CORIO,Geelong,3214
NORLANE,Geelong,3214
NORTH SHORE,Geelong,3214
BELL POST HILL,Geelong,3215
HAMLYN HEIGHTS,Geelong,3215
NORTH GEELONG,Geelong,3215
RIPPLEIDE,Geelong,3215
BELL PARK,Geelong,3215
DRUMCONDRA,Geelong,3215
GEELONG NORTH,Geelong,3215
RIPPLESIDE,Geelong,3215
BELMONT,Geelong,3216
GROVE DALE,Geelong,3216
GROVEDALE,Geelong,3216
HIGHTON,Geelong,3216
WANDANA HEIGHTS,Geelong,3216
WAURN PONDS,Geelong,3216
ARMSTRONG CREEK,Geelong,3216
GROVEDALE,Geelong,3216
GROVEDALE EAST,Geelong,3216
HIGHTON,Geelong,3216
MARSHALL,Geelong,3216
GEELONG,Geelong,3216
ARMSTRONG CREEK,Geelong,3217
CHARLEMONT,Geelong,3217
MOUNT DUNEED,Geelong,3217
MT DUNEED,Geelong,3217
FRESHWATER CREEK,Geelong,3217
GEELONG,Geelong,3217
FYANSFORD,Geelong,3218
GEELONG WEST,Geelong,3218
HERNE HILL,Geelong,3218
MANIFOLD HEIGHTS,Geelong,3218
EAST GEELONG,Geelong,3219
NEWCOMB,Geelong,3219
ST ALBANS PARK,Geelong,3219
THOMSON,Geelong,3219
WHITTINGTON,Geelong,3219
BREAKWATER,Geelong,3219
SAINT ALBANS PARK,Geelong,3219
GEELONG,Geelong,3220
NEWTOWN,Geelong,3220
SOUTH GEELONG,Geelong,3220
VICTORIA,Geelong,3220
CLIFTON SPRINGS,Geelong,3222
CURLEWIS,Geelong,3222
DRYSDALE,Geelong,3222
WALLINGTON,Geelong,3222
MANNERIM,Geelong,3222
INDENTED HEAD,Geelong,3223
PORTARLINGTON,Geelong,3223
ST LEONARDS,Geelong,3223
LEOPOLD,Geelong,3224
MOOLAP,Geelong,3224
LEOPOLD,Geelong,3224
BARWON HEADS,Geelong,3227
CONNEWARRE,Geelong,3227
BARWON HEADS,Geelong,3227
JAN JUC,Geelong,3228
TORQUAY,Geelong,3228
TORQUAY,Geelong,3228
BELLBRAE,Geelong,3228
POINT LONSDALE,Geelong,3225
QUEENSCLIFF,Geelong,3225
OCEAN GROVE,Geelong,3226
OFFICER,GIPPSLAND,3809
OFFICER SOUTH,GIPPSLAND,3809
PAKENHAM,GIPPSLAND,3810
PAKENHAM SOUTH,GIPPSLAND,3810
RYTHDALE,GIPPSLAND,3810
NAR NAR GOON NORTH,GIPPSLAND,3812
TYNONG,GIPPSLAND,3813
TYNONG NORTH,GIPPSLAND,3813
GARFIELD,GIPPSLAND,3814
GARFIELD NORTH,GIPPSLAND,3814
BUNYIP,GIPPSLAND,3815
BUNYIP NORTH,GIPPSLAND,3815
LONGWARRY,GIPPSLAND,3816
LONGWARRY NORTH,GIPPSLAND,3816
DROUIN,GIPPSLAND,3818
DROUIN EAST,GIPPSLAND,3818
DROUIN WEST,GIPPSLAND,3818
WARRAGUL,GIPPSLAND,3820
BRANDY CREEK,GIPPSLAND,3821
NILMA,GIPPSLAND,3821
WARRAGUL SOUTH,GIPPSLAND,3821
WARRAGUL WEST,GIPPSLAND,3821
DARNUM,GIPPSLAND,3822
GAINSBOROUGH,GIPPSLAND,3822
YARRAGON,GIPPSLAND,3823
YARRAGON SOUTH,GIPPSLAND,3823
TRAFALGAR,GIPPSLAND,3824
TRAFALGAR EAST,GIPPSLAND,3824
TRAFALGAR SOUTH,GIPPSLAND,3824
MOE,GIPPSLAND,3825
MOE SOUTH,GIPPSLAND,3825
NEWBOROUGH,GIPPSLAND,3825
WESTBURY,GIPPSLAND,3825
YALLOURN,GIPPSLAND,3825
YALLOURN NORTH,GIPPSLAND,3825
HAZELWOOD,GIPPSLAND,3840
HAZELWOOD NORTH,GIPPSLAND,3840
MARYVALE,GIPPSLAND,3840
MORWELL,GIPPSLAND,3840
CHURCHILL,GIPPSLAND,3842
TRARALGON,GIPPSLAND,3844
TRARALGON EAST,GIPPSLAND,3844
Beaconsfield Upper,GIPPSLAND,3808
SALE,GIPPSLAND,3850
WURRUK,GIPPSLAND,3850
JUMBUK,GIPPSLAND,3869
YINNAR,GIPPSLAND,3869
YINNAR SOUTH,GIPPSLAND,3869
COWES,GIPPSLAND,3922
SILVERLEAVES,GIPPSLAND,3922
SUMMERLANDS,GIPPSLAND,3922
SUNDERLAND BAY,GIPPSLAND,3922
SUNSET STRIP,GIPPSLAND,3922
SURF BEACH,GIPPSLAND,3922
VENTNOR,GIPPSLAND,3922
WIMBLEDON HEIGHTS,GIPPSLAND,3922
JEETHO,GIPPSLAND,3945
KROWERA,GIPPSLAND,3945
LOCH,GIPPSLAND,3945
WOODLEIGH,GIPPSLAND,3945
KARDELLA SOUTH,GIPPSLAND,3950
KORUMBURRA,GIPPSLAND,3950
KORUMBURRA SOUTH,GIPPSLAND,3950
STRZELECKI,GIPPSLAND,3950
WHITELAW,GIPPSLAND,3950
BERRYS CREEK,GIPPSLAND,3953
BOOROOL,GIPPSLAND,3953
HALLSTON,GIPPSLAND,3953
KOOROOMAN,GIPPSLAND,3953
LEONGATHA,GIPPSLAND,3953
LEONGATHA NORTH,GIPPSLAND,3953
LEONGATHA SOUTH,GIPPSLAND,3953
MARDAN,GIPPSLAND,3953
MOUNT ECCLES,GIPPSLAND,3953
MOUNT ECCLES SOUTH,GIPPSLAND,3953
NERRENA,GIPPSLAND,3953
RUBY,GIPPSLAND,3953
TRIDA,GIPPSLAND,3953
WILD DOG VALLEY,GIPPSLAND,3953
WOOREEN,GIPPSLAND,3953
FISH CREEK,GIPPSLAND,3959
SANDY POINT,GIPPSLAND,3959
WARATAH BAY,GIPPSLAND,3959
BLIND BIGHT,GIPPSLAND,3980
TOORADIN,GIPPSLAND,3980
BAYLES,GIPPSLAND,3981
CATANI,GIPPSLAND,3981
DALMORE,GIPPSLAND,3981
HEATH HILL,GIPPSLAND,3981
KOO WEE RUP,GIPPSLAND,3981
KOO WEE RUP NORTH,GIPPSLAND,3981
YANNATHAN,GIPPSLAND,3981
ADAMS ESTATE,GIPPSLAND,3984
CALDERMEADE,GIPPSLAND,3984
CORINELLA,GIPPSLAND,3984
CORONET BAY,GIPPSLAND,3984
JAM JERRUP,GIPPSLAND,3984
LANG LANG EAST,GIPPSLAND,3984
MONOMEITH,GIPPSLAND,3984
PIONEER BAY,GIPPSLAND,3984
QUEENSFERRY,GIPPSLAND,3984
TENBY POINT,GIPPSLAND,3984
THE GURDIES,GIPPSLAND,3984
ANDERSON,GIPPSLAND,3995
ARCHIES CREEK,GIPPSLAND,3995
CAPE PATERSON,GIPPSLAND,3995
HARMERS HAVEN,GIPPSLAND,3995
LANCE CREEK,GIPPSLAND,3995
NORTH WONTHAGGI,GIPPSLAND,3995
SOUTH DUDLEY,GIPPSLAND,3995
ST CLAIR,GIPPSLAND,3995
WATTLE BANK,GIPPSLAND,3995
WONTHAGGI,GIPPSLAND,3995
WOOLAMAI,GIPPSLAND,3995
INVERLOCH,GIPPSLAND,3996
POUND CREEK,GIPPSLAND,3996
LOCH SPORT,GIPPSLAND,3851
SMITHS BEACH,GIPPSLAND,3922
KILCUNDA,GIPPSLAND,3995
CAPE WOOLAMAI,GIPPSLAND,3925
MAFFRA,GIPPSLAND,3860
NEWHAVEN,GIPPSLAND,3925
SAN REMO,GIPPSLAND,3925
NEERIM,GIPPSLAND,3831
NEERIM EAST,GIPPSLAND,3831
NEERIM SOUTH,GIPPSLAND,3831
HIAMDALE,GIPPSLAND,3847
NAMBROK,GIPPSLAND,3847
ROSEDALE,GIPPSLAND,3847
WILLUNG,GIPPSLAND,3847
WILLUNG SOUTH,GIPPSLAND,3847
GLENGARRY,GIPPSLAND,3854
GLENGARRY NORTH,GIPPSLAND,3854
GLENGARRY WEST,GIPPSLAND,3854
ARBUCKLE,GIPPSLAND,3858
BILLABONG,GIPPSLAND,3858
BURAGWONDUC,GIPPSLAND,3858
CROOKAYAN,GIPPSLAND,3858
DAWSON,GIPPSLAND,3858
DENISON,GIPPSLAND,3858
GILLUM,GIPPSLAND,3858
GLENFALLOCH,GIPPSLAND,3858
GLENMAGGIE,GIPPSLAND,3858
HEYFIELD,GIPPSLAND,3858
HOWITT PLAINS,GIPPSLAND,3858
LICOLA,GIPPSLAND,3858
LICOLA NORTH,GIPPSLAND,3858
REYNARD,GIPPSLAND,3858
SARGOOD,GIPPSLAND,3858
SEATON,GIPPSLAND,3858
TAMBORITHA,GIPPSLAND,3858
WINNINDOO,GIPPSLAND,3858
WORROWING,GIPPSLAND,3858
YANGOURA,GIPPSLAND,3858
BOISDALE,GIPPSLAND,3860
BRIAGOLONG,GIPPSLAND,3860
BUSHY PARK,GIPPSLAND,3860
COONGULLA,GIPPSLAND,3860
KOOROOL,GIPPSLAND,3860
MONOMAK,GIPPSLAND,3860
MOROKA,GIPPSLAND,3860
NAP NAP MARRA,GIPPSLAND,3860
RIVERSLEA,GIPPSLAND,3860
TOOLOME,GIPPSLAND,3860
VALENCIA CREEK,GIPPSLAND,3860
WOOLENOOK,GIPPSLAND,3860
WRATHUNG,GIPPSLAND,3860
WRIXON,GIPPSLAND,3860
BUDGEE BUDGEE,GIPPSLAND,3862
COBBANNAH,GIPPSLAND,3862
COWA,GIPPSLAND,3862
CROOKED RIVER,GIPPSLAND,3862
DARGO,GIPPSLAND,3862
HAWKHURST,GIPPSLAND,3862
HOLLANDS LANDING,GIPPSLAND,3862
LLOWALONG,GIPPSLAND,3862
MEERLIEU,GIPPSLAND,3862
MIOWERA,GIPPSLAND,3862
MOORNAPA,GIPPSLAND,3862
MUNRO,GIPPSLAND,3862
PERRY BRIDGE,GIPPSLAND,3862
STOCKDALE,GIPPSLAND,3862
STRATFORD,GIPPSLAND,3862
WATERFORD,GIPPSLAND,3862
WONGUNGARRA,GIPPSLAND,3862
ALLAMBEE RESERVE,GIPPSLAND,3871
ALLAMBEE SOUTH,GIPPSLAND,3871
BAROMI,GIPPSLAND,3871
DARLIMURLA,GIPPSLAND,3871
DELBURN,GIPPSLAND,3871
DOLLAR,GIPPSLAND,3871
MIRBOO,GIPPSLAND,3871
MIRBOO NORTH,GIPPSLAND,3871
CHURCHILL ISLAND,GIPPSLAND,3925
BENNISON,GIPPSLAND,3960
BOOLARONG,GIPPSLAND,3960
FOSTER,GIPPSLAND,3960
FOSTER NORTH,GIPPSLAND,3960
GUNYAH,GIPPSLAND,3960
MOUNT BEST,GIPPSLAND,3960
SHALLOW INLET,GIPPSLAND,3960
TIDAL RIVER,GIPPSLAND,3960
TURTONS CREEK,GIPPSLAND,3960
WILSONS PROMONTORY,GIPPSLAND,3960
WONGA,GIPPSLAND,3960
WOORARRA WEST,GIPPSLAND,3960
YANAKIE,GIPPSLAND,3960
AGNES,GIPPSLAND,3962
TOORA,GIPPSLAND,3962
TOORA NORTH,GIPPSLAND,3962
WONYIP,GIPPSLAND,3962
WOORARRA EAST,GIPPSLAND,3962
GRANTVILLE,GIPPSLAND,3984
LANG LANG,GIPPSLAND,3984
DUMBALK,GIPPSLAND,3956
DUMBALK NORTH,GIPPSLAND,3956
MIDDLE TARWIN,GIPPSLAND,3956
TARWIN,GIPPSLAND,3956
WALKERVILLE,GIPPSLAND,3956
WALKERVILLE SOUTH,GIPPSLAND,3956
MEENIYAN,GIPPSLAND,3956
TARWIN LOWER,GIPPSLAND,3956
VENUS BAY,GIPPSLAND,3956
Glen Forbes,GIPPSLAND,3990
TWEED HEADS,Gold Coast,2485
BANORA POINT,Gold Coast,2486
CASUARINA,Gold Coast,2487
Beenleigh,Gold Coast,4207
Holmview,Gold Coast,4207
MOUNT WARREN PARK,Gold Coast,4207
YARRABILLBA,Gold Coast,4207
Yatala,Gold Coast,4207
ORMEAU,Gold Coast,4208
Coomera,Gold Coast,4209
Pimpama,Gold Coast,4209
Willow Vale,Gold Coast,4209
UPPER COOMERA,Gold Coast,4209
Maudsland,Gold Coast,4210
Oxenford,Gold Coast,4210
WONGAWALLAN,Gold Coast,4210
PACIFIC PINES,Gold Coast,4211
Carrara,Gold Coast,4211
HIGHLAND PARK,Gold Coast,4211
Gilston,Gold Coast,4211
NERANG,Gold Coast,4211
Helensvale,Gold Coast,4212
Hope Island,Gold Coast,4212
Bonogin,Gold Coast,4213
Mudgeeraba,Gold Coast,4213
Ashmore,Gold Coast,4214
Parkwood,Gold Coast,4214
Labrador,Gold Coast,4215
Southport,Gold Coast,4215
PARADISE POINT,Gold Coast,4216
BIGGERA WATERS,Gold Coast,4216
RUNAWAY BAY,Gold Coast,4216
MAIN BEACH,Gold Coast,4217
Benowa,Gold Coast,4217
Bundall,Gold Coast,4217
Surfers Paradise,Gold Coast,4217
Broadbeach Waters,Gold Coast,4218
Mermaid Beach,Gold Coast,4218
Mermaid Waters,Gold Coast,4218
Miami,Gold Coast,4220
BURLEIGH HEADS,Gold Coast,4220
Burleigh Waters,Gold Coast,4220
Elanora,Gold Coast,4221
PALM BEACH,Gold Coast,4221
Currumbin Valley,Gold Coast,4223
CURRUMBIN WATERS,Gold Coast,4223
Tugan,Gold Coast,4224
Coolangatta,Gold Coast,4225
Bilinga,Gold Coast,4225
MERRIMAC,Gold Coast,4226
Robina,Gold Coast,4226
Varsity Lakes,Gold Coast,4227
Tallebudgera,Gold Coast,4228
Loganholme,Gold Coast,4219
Tallebudgera Valley,Gold Coast,4228
Banora Point,Gold Coast,2486
BERRIMA,GOULBURN,2577
MANCHESTER SQUARE,GOULBURN,2577
MEDWAY,GOULBURN,2577
MOSS VALE,GOULBURN,2577
NEW BERRIMA,GOULBURN,2577
PADDYS RIVER,GOULBURN,2577
WERAI,GOULBURN,2577
BERRIMA,GOULBURN,2577
MANCHESTER SQUARE,GOULBURN,2577
MEDWAY,GOULBURN,2577
MOSS VALE,GOULBURN,2577
NEW BERRIMA,GOULBURN,2577
PADDYS RIVER,GOULBURN,2577
SUTTON FOREST,GOULBURN,2577
WERAI,GOULBURN,2577
BUNDANOON,GOULBURN,2578
BUNDANOON,GOULBURN,2578
EXETER,GOULBURN,2579
MARULAN,GOULBURN,2579
PENROSE,GOULBURN,2579
TALLONG,GOULBURN,2579
WINGELLO,GOULBURN,2579
EXETER,GOULBURN,2579
MARULAN,GOULBURN,2579
PENROSE,GOULBURN,2579
TALLONG,GOULBURN,2579
WINGELLO,GOULBURN,2579
BOXERS CREEK,GOULBURN,2580
BRISBANE GROVE,GOULBURN,2580
CARRICK,GOULBURN,2580
GOULBURN,GOULBURN,2580
GOULBURN NORTH,GOULBURN,2580
RUN-O-WATERS,GOULBURN,2580
TOWRANG,GOULBURN,2580
BOXERS CREEK,GOULBURN,2580
BRISBANE GROVE,GOULBURN,2580
CARRICK,GOULBURN,2580
GOULBURN,GOULBURN,2580
GOULBURN NORTH,GOULBURN,2580
RUN-O-WATERS,GOULBURN,2580
TOWRANG,GOULBURN,2580
Crookwell,GOULBURN,2583
Marulan,GOULBURN,2578
FERNSHAW,Mansfield,3778
NARBETHONG,Mansfield,3778
MIRIMBAH,Mansfield,3722
CAMBARVILLE,Mansfield,3779
BROADFORD,Mansfield,3658
CLONBINANE,Mansfield,3658
HAZELDENE,Mansfield,3658
REEDY CREEK,Mansfield,3658
STRATH CREEK,Mansfield,3658
SUGARLOAF CREEK,Mansfield,3658
SUNDAY CREEK,Mansfield,3658
TYAAK,Mansfield,3658
WATERFORD PARK,Mansfield,3658
ACHERON,Mansfield,3714
ALEXANDRA,Mansfield,3714
CATHKIN,Mansfield,3714
CRYSTAL CREEK,Mansfield,3714
DEVILS RIVER,Mansfield,3714
FAWCETT,Mansfield,3714
KORIELLA,Mansfield,3714
MAINTONGOON,Mansfield,3714
TAGGERTY,Mansfield,3714
WHANREGARWEN,Mansfield,3714
FLOWERDALE,Mansfield,3717
GHIN GHIN,Mansfield,3717
GLENBURN,Mansfield,3717
HOMEWOOD,Mansfield,3717
KILLINGWORTH,Mansfield,3717
LIMESTONE,Mansfield,3717
MURRINDINDI,Mansfield,3717
YEA,Mansfield,3717
GOBUR,Mansfield,3719
KANUMBRA,Mansfield,3719
TERIP TERIP,Mansfield,3719
YARCK,Mansfield,3719
BONNIE DOON,Mansfield,3720
BARWITE,Mansfield,3722
MANSFIELD,Mansfield,3722
ARCHERTON,Mansfield,3723
BARJARG,Mansfield,3723
BOOROLITE,Mansfield,3723
BRIDGE CREEK,Mansfield,3723
DELATITE,Mansfield,3723
ENOCHS POINT,Mansfield,3723
GAFFNEYS CREEK,Mansfield,3723
GOUGHS BAY,Mansfield,3723
HOWES CREEK,Mansfield,3723
HOWQUA,Mansfield,3723
HOWQUA HILLS,Mansfield,3723
HOWQUA INLET,Mansfield,3723
JAMIESON,Mansfield,3723
KEVINGTON,Mansfield,3723
KNOCKWOOD,Mansfield,3723
MACS COVE,Mansfield,3723
MAINDAMPLE,Mansfield,3723
MATLOCK,Mansfield,3723
MERRIJIG,Mansfield,3723
MOUNT BULLER,Mansfield,3723
MOUNTAIN BAY,Mansfield,3723
PIRIES,Mansfield,3723
SAWMILL SETTLEMENT,Mansfield,3723
TOLMIE,Mansfield,3723
WOODS POINT,Mansfield,3723
MARYSVILLE,Mansfield,3779
Merton,Mansfield,3715
Kinglake West,Mansfield,3757
Kinglake,Mansfield,3763
BIZ STILL OPEN,Melbourne,3000
MELBOURNE,Melbourne,3000
CBD,Melbourne,3000
EAST MELBOURNE,Melbourne,3002
WEST MELBOURNE,Melbourne,3003
MELBOOURNE,Melbourne,3004
ROYAL DOMAIN TOWER,Melbourne,3004
ST KILDA,Melbourne,3004
SOUTHBANK,Melbourne,3006
SOUTH WHARF,Melbourne,3006
DOCKLANDS,Melbourne,3008
ABERFELDIE,Melbourne,3010
FOOTSCRAY,Melbourne,3011
SEDDON,Melbourne,3011
FOOTSCAY,Melbourne,3011
BROOKLYN,Melbourne,3012
KINGSVILLE,Melbourne,3012
MAIDSTONE,Melbourne,3012
WEST FOOTSCRAY,Melbourne,3012
Tottenham,Melbourne,3012
YARRAVILE,Melbourne,3013
YARRAVILLE,Melbourne,3013
NEWPORT,Melbourne,3015
SOUTH KINGSVILLE,Melbourne,3015
SPOTSWOOD,Melbourne,3015
WILLIAMSTOWN,Melbourne,3016
WILLIAMSTOWN NORTH,Melbourne,3016
ALTONA,Melbourne,3018
SEAHOLME,Melbourne,3018
BRAYBROOK,Melbourne,3019
SUNSHINE,Melbourne,3020
SUNSHINE NORTH,Melbourne,3020
SUNSHINE WEST,Melbourne,3020
ST ALBANS,Melbourne,3021
SAINT ALBANS,Melbourne,3021
KEALBA,Melbourne,3021
KINGS PARK,Melbourne,3021
Albanvale,Melbourne,3021
ARDEER,Melbourne,3022
BURNSIDE,Melbourne,3023
CAIRNLEA,Melbourne,3023
CAROLINE SPRINGS,Melbourne,3023
DEER PARK,Melbourne,3023
BURNSIDE HEIGHTS,Melbourne,3023
RAVENHALL,Melbourne,3023
MANOR LAKES,Melbourne,3024
WYNDHAM VALE,Melbourne,3024
BENTLEIGH,Melbourne,3024
ALTONA NORTH,Melbourne,3025
ALTONA EAST,Melbourne,3025
ALTON NORTH,Melbourne,3025
LAVERTON NORTH,Melbourne,3026
DERRIMUT,Melbourne,3026
WILLIAMS LANDING,Melbourne,3027
ALTONA MEADOWS,Melbourne,3028
LAVERTON,Melbourne,3028
SEABROOK,Melbourne,3028
LAVERTON1,Melbourne,3028
GREENVALE,Melbourne,3029
HOPPERS CROSSING,Melbourne,3029
TARNEIT,Melbourne,3029
TRUGANINA,Melbourne,3029
POINT COOK,Melbourne,3030
WERRIBEE,Melbourne,3030
WERRIBEE SOUTH,Melbourne,3030
FLEMINGTON,Melbourne,3031
KENSINGTON,Melbourne,3031
ASCOT VALE,Melbourne,3032
MARIBYRNONG,Melbourne,3032
TRAVANCORE,Melbourne,3032
KEILOR EAST,Melbourne,3033
EAST KEILOR,Melbourne,3033
AVONDALE HEIGHTS,Melbourne,3034
KEILOR,Melbourne,3036
KEILOR NORTH,Melbourne,3036
DELAHEY,Melbourne,3037
HILLSIDE,Melbourne,3037
SYDENHAM,Melbourne,3037
TAYLORS HILL,Melbourne,3037
CALDER PARK,Melbourne,3037
TAYLOR?????????????????S HILL,Melbourne,3037
KEILOR DOWNS,Melbourne,3038
TAYLORS LAKES,Melbourne,3038
KEILOR LODGE,Melbourne,3038
MOONEE PONDS,Melbourne,3039
ESSENDON,Melbourne,3040
ESSENDON WEST,Melbourne,3040
ESSENDON NORTH,Melbourne,3041
STRATHMORE,Melbourne,3041
STRATHMORE HEIGHTS,Melbourne,3041
ESSENDON FIELDS,Melbourne,3041
AIRPORT WEST,Melbourne,3042
KEILOR PARK,Melbourne,3042
NIDDRIE,Melbourne,3042
GLADSTONE PARK,Melbourne,3043
GOWANBRAE,Melbourne,3043
TULLAMARINE,Melbourne,3043
PASCOE VALE,Melbourne,3044
PASCOE VALE SOUTH,Melbourne,3044
Melbourne Airport,Melbourne,3045
GLENROY,Melbourne,3046
HADFIELD,Melbourne,3046
OAK PARK,Melbourne,3046
BROADMEADOWS,Melbourne,3047
DALLAS,Melbourne,3047
JACANA,Melbourne,3047
MEADOW HEIGHTS,Melbourne,3048
COOLAROO,Melbourne,3048
ATTWOOD,Melbourne,3049
WESTMEADOWS,Melbourne,3049
NORTH MELBOURNE,Melbourne,3051
NORTH MELBOURNE (VIC),Melbourne,3051
PARKVILLE,Melbourne,3052
CARLTON,Melbourne,3053
CARLTON NORTH,Melbourne,3054
PRINCES HILL,Melbourne,3054
BRUNSWICK WEST,Melbourne,3055
BRUNSWICK,Melbourne,3056
FITZROY,Melbourne,3056
BRUNSWICK EAST,Melbourne,3057
EAST BRUNSWICK,Melbourne,3057
COBURG,Melbourne,3058
COBURG NORTH,Melbourne,3058
Greenvale,Melbourne,3059
FAWKNER,Melbourne,3060
CAMPBELLFIELD,Melbourne,3061
CAMPBELFIELD,Melbourne,3061
SOMERTON,Melbourne,3062
CRAIGIEBURN,Melbourne,3064
KALKALLO,Melbourne,3064
MICKLEHAM,Melbourne,3064
ROXBURGH PARK,Melbourne,3064
Fitzroy,Melbourne,3065
COLLINGWOOD,Melbourne,3066
ABBOTSFORD,Melbourne,3067
CLIFTON HILL,Melbourne,3068
FITZROY NORTH,Melbourne,3068
North fitzroy,Melbourne,3068
NORTHCOTE,Melbourne,3070
THORNBURY,Melbourne,3071
PRESTON,Melbourne,3072
Preston,Melbourne,3072
RESERVOIR,Melbourne,3073
THOMASTOWN,Melbourne,3074
LALOR,Melbourne,3075
EPPING,Melbourne,3076
ALPHINGTON,Melbourne,3078
FAIRFIELD,Melbourne,3078
IVANHOE,Melbourne,3079
IVANHOE EAST,Melbourne,3079
BELLFIELD,Melbourne,3081
HEIDELBERG HEIGHTS,Melbourne,3081
HEIDELBERG WEST,Melbourne,3081
MILL PARK,Melbourne,3082
MILLPARK,Melbourne,3082
BUNDOORA,Melbourne,3083
KINGSBURY,Melbourne,3083
EAGLEMONT,Melbourne,3084
HEIDELBERG,Melbourne,3084
ROSANNA,Melbourne,3084
VIEWBANK,Melbourne,3084
MACLEOD,Melbourne,3085
YALLAMBIE,Melbourne,3085
BERWICK,Melbourne,3086
WATSONIA,Melbourne,3087
WATSONIA NORTH,Melbourne,3087
BRIAR HILL,Melbourne,3088
GREENSBOROOUGH,Melbourne,3088
GREENSBOROUGH,Melbourne,3088
ST HELENA,Melbourne,3088
SAINT HELENA,Melbourne,3088
ST. HELENA,Melbourne,3088
DIAMOND CREEK,Melbourne,3089
PLENTY,Melbourne,3090
YARRAMBAT,Melbourne,3091
LOWER PLENTY,Melbourne,3093
MONTMORENCY,Melbourne,3094
ELTHAM,Melbourne,3095
ELTHAM NORTH,Melbourne,3095
RESEARCH,Melbourne,3095
WATTLE GLEN,Melbourne,3096
KEW,Melbourne,3101
KEW EAST,Melbourne,3102
BALWYN,Melbourne,3103
DEEPDENE,Melbourne,3103
BALWYN NORTH,Melbourne,3104
BALWYN NTH,Melbourne,3104
BULLEEN,Melbourne,3105
TEMPLESTOWE,Melbourne,3106
TEMPLESTOWE LOWER,Melbourne,3107
DONCASTER,Melbourne,3108
DONCASTER EAST,Melbourne,3109
EAST DONCASTER,Melbourne,3109
DONVALE,Melbourne,3111
NORTH WARRANDYTE,Melbourne,3113
WARRANDYTE,Melbourne,3113
PARK ORCHARDS,Melbourne,3114
WONGA PARK,Melbourne,3115
CHIRNSIDE PARK,Melbourne,3116
MELB,Melbourne,3116
BURNLEY,Melbourne,3121
CREMORNE,Melbourne,3121
RICHMOND,Melbourne,3121
BLACKBURN,Melbourne,3121
RUCHMOND,Melbourne,3121
HAWTHORN,Melbourne,3122
HAWTHORN EAST,Melbourne,3123
EAST HAWTHORN,Melbourne,3123
CAMBERWELL,Melbourne,3124
BURWOOD,Melbourne,3125
CANTERBURY,Melbourne,3126
MONT ALBERT,Melbourne,3127
SURREY HILLS,Melbourne,3127
BOX HILL,Melbourne,3128
BOX HILL SOUTH,Melbourne,3128
BOX HILL NORTH,Melbourne,3129
MONT ALBERT NORTH,Melbourne,3129
BLACKBURN NORTH,Melbourne,3130
BLACKBURN SOUTH,Melbourne,3130
FOREST HILL,Melbourne,3131
NUNAWADING,Melbourne,3131
MITCHAM,Melbourne,3132
VERMONT,Melbourne,3133
VERMONT SOUTH,Melbourne,3133
RINGWOOD,Melbourne,3134
RINGWOOD NORTH,Melbourne,3134
WARRANWOOD,Melbourne,3134
WARRANDYTE SOUTH,Melbourne,3134
NORTH RINGWOOD,Melbourne,3134
HEATHMONT,Melbourne,3135
RINGWOOD EAST,Melbourne,3135
EAST RINGWOOD,Melbourne,3135
CROYDON,Melbourne,3136
CROYDON HILLS,Melbourne,3136
CROYDON NORTH,Melbourne,3136
CROYDON SOUTH,Melbourne,3136
CROYDON STH,Melbourne,3136
KILSYTH,Melbourne,3137
KILSYTH SOUTH,Melbourne,3137
MOOROOLBARK,Melbourne,3138
LILYDALE,Melbourne,3140
SOUTH YARRA,Melbourne,3141
TOORAK,Melbourne,3142
ARMADALE,Melbourne,3143
MALVERN,Melbourne,3144
MALVERN EAST,Melbourne,3145
CAULFIELD EAST,Melbourne,3145
EAST MALVERN,Melbourne,3145
GLEN IRIS,Melbourne,3146
ASHBURTON,Melbourne,3147
ASHWOOD,Melbourne,3147
CHADSTONE,Melbourne,3148
MOUNT WAVERLEY,Melbourne,3149
MT WAVERLEY,Melbourne,3149
GLEN WAVERLEY,Melbourne,3150
WHEELERS HILL,Melbourne,3150
BURWOOD EAST,Melbourne,3151
WANTIRNA,Melbourne,3152
WANTIRNA SOUTH,Melbourne,3152
BAYSWATER,Melbourne,3153
BAYSWATER NORTH,Melbourne,3153
THE BASIN,Melbourne,3154
BORONIA,Melbourne,3155
FERNTREE GULLY,Melbourne,3156
FERNTREEGULLY,Melbourne,3156
LYSTERFIELD,Melbourne,3156
UPPER FERNTREE GULLY,Melbourne,3156
LYSTERFIELD SOUTH,Melbourne,3156
UPWEY,Melbourne,3158
Belgrave Heights,Melbourne,3160
CAULFIELD NORTH,Melbourne,3161
CAULFIELD,Melbourne,3162
CAULFIELD SOUTH,Melbourne,3162
CAULFEILD SOUTH,Melbourne,3162
caufield south,Melbourne,3162
CARNEGIE,Melbourne,3163
GLEN HUNTLY,Melbourne,3163
MURRUMBEENA,Melbourne,3163
BENTLEIGH EAST,Melbourne,3165
EAST BENTLEIGH,Melbourne,3165
Bentley East,Melbourne,3165
HUGHESDALE,Melbourne,3166
HUNTINGDALE,Melbourne,3166
OAKLEIGH,Melbourne,3166
OAKLEIGH EAST,Melbourne,3166
OAKLEIGH SOUTH,Melbourne,3167
CLAYTON,Melbourne,3168
NOTTING HILL,Melbourne,3168
Clayton South,Melbourne,3168
Notting Hil,Melbourne,3168
CLARINDA,Melbourne,3169
MULGRAVE,Melbourne,3170
MULGRAVE/MELBOURNE,Melbourne,3170
SPRINGVALE,Melbourne,3171
DINGLEY VILLAGE,Melbourne,3172
SPRINGVALE SOUTH,Melbourne,3172
KEYSBOROUGH,Melbourne,3173
NOBLE PARK,Melbourne,3174
NOBLE PARK NORTH,Melbourne,3174
DANDENONG NORTH,Melbourne,3175
NORTH DANDENONG,Melbourne,3175
BANGHOLME,Melbourne,3175
DANDENONG,Melbourne,3175
DANDENONG SOUTH,Melbourne,3175
DANDNEONG,Melbourne,3175
DOVETON,Melbourne,3177
DOVETON`,Melbourne,3177
EUMEMMERRING,Melbourne,3177
ROWVILLE,Melbourne,3178
SCORESBY,Melbourne,3179
KNOXFIELD,Melbourne,3180
PRAHRAN,Melbourne,3181
WINDSOR,Melbourne,3181
SAINT KILDA,Melbourne,3182
SAINT KILDA WEST,Melbourne,3182
ST KILDA WEST,Melbourne,3182
STKILDA WEST,Melbourne,3182
ST. KILDA,Melbourne,3182
ST KILDA EAST,Melbourne,3182
ST.KILDA,Melbourne,3182
BALACLAVA,Melbourne,3183
EAST ST KILDA,Melbourne,3183
SAINT KILDA EAST,Melbourne,3183
ELWOOD,Melbourne,3184
ELSTERNWICK,Melbourne,3185
GARDENVALE,Melbourne,3185
RIPPONLEA,Melbourne,3185
BRIGHTON,Melbourne,3186
BRIGHTON EAST,Melbourne,3187
HAMPTON,Melbourne,3188
HAMPTON EADT,Melbourne,3188
HAMPTON EAST,Melbourne,3188
BAYSIDE,Melbourne,3188
HIGHETT,Melbourne,3189
MOORABBIN,Melbourne,3189
MOORABBIN EAST,Melbourne,3189
Highett,Melbourne,3190
SANDRINGHAM,Melbourne,3191
CHELTENHAM,Melbourne,3192
Cheltanham,Melbourne,3192
BEAUMARIS,Melbourne,3193
BLACK ROCK,Melbourne,3193
MENTONE,Melbourne,3194
ASPENDALE,Melbourne,3195
ASPENDALE GARDENS,Melbourne,3195
MORDIALLOC,Melbourne,3195
PARKDALE,Melbourne,3195
WATERWAYS,Melbourne,3195
BRAESIDE,Melbourne,3195
PARKDAKE,Melbourne,3195
BONBEACH,Melbourne,3196
CHELSEA,Melbourne,3196
CHELSEA HEIGHTS,Melbourne,3196
EDITHVALE,Melbourne,3196
CARRUM,Melbourne,3197
PATTERSON LAKES,Melbourne,3197
SEAFORD,Melbourne,3198
FRANKSTON,Melbourne,3199
FRANKSTON SOUTH,Melbourne,3199
FRANKSTON NORTH,Melbourne,3200
CARRUM DOWNS,Melbourne,3201
CARRUM WOODS DR CARRUM DOWNS,Melbourne,3201
HEATHERTON,Melbourne,3202
MCKINNON,Melbourne,3204
ORMOND,Melbourne,3204
SOUTH MELBOURNE,Melbourne,3205
KENNSINGTON,Melbourne,3205
ALBERT PARK,Melbourne,3206
PORT MELBOURNE,Melbourne,3207
PORT MELBOURE,Melbourne,3207
WOLLERT,Melbourne,3750
SOUTH MORANG,Melbourne,3752
DOREEN,Melbourne,3754
MERNDA,Melbourne,3754
MONTROSE,Melbourne,3765
sassafras,Melbourne,3787
MT EVELYN,Melbourne,3796
Clayton,Melbourne,3800
ENDEAVOUR HILLS,Melbourne,3802
HALLAM,Melbourne,3803
NARRE WARREN EAST,Melbourne,3804
NARRE WARREN NORTH,Melbourne,3804
NARRE WARREN,Melbourne,3805
NARRE WARREN SOUTH,Melbourne,3805
Berwick,Melbourne,3806
LANGWARRIN,Melbourne,3910
LANGWARRIN SOUTH,Melbourne,3911
BAXTER,Melbourne,3911
LYNDHURST,Melbourne,3975
LYNBROOK,Melbourne,3975
HAMPTON PARK,Melbourne,3976
BOTANIC RIDGE,Melbourne,3977
BOTANIC RODGE,Melbourne,3977
CRANBOURNE,Melbourne,3977
CRANBOURNE EAST,Melbourne,3977
CRANBOURNE NORTH,Melbourne,3977
CRANBOURNE NORTH NORTH,Melbourne,3977
CRANBOURNE SOUTH,Melbourne,3977
DEVON MEADOWS,Melbourne,3977
JUNCTION VILLAGE,Melbourne,3977
SANDHURST,Melbourne,3977
SKYE,Melbourne,3977
CANNONS CREEK,Melbourne,3977
CLYDE,Melbourne,3978
CLYDE NORTH,Melbourne,3978
CRANBOURNE WEST,Melbourne,3977
BEACONSFIELD,Melbourne,3807
Melbourne?,Melbourne,3001
World Trade Centre,Melbourne,3005
Royal Melbourne Hospital,Melbourne,3050
Nunawading BC,Melbourne,3110
Dandenong South,Melbourne,3164
Scoresby BC,Melbourne,3176
PEARCEDALE,Mornington Peninsula,3912
SOMERVILLE,Mornington Peninsula,3912
TYABB,Mornington Peninsula,3913
HASTINGS,Mornington Peninsula,3915
MERRICKS,Mornington Peninsula,3916
BITTERN,Mornington Peninsula,3918
CRIB POINT,Mornington Peninsula,3919
WIMBLEDON HEIGHTS,Mornington Peninsula,3919
BALNARRING,Mornington Peninsula,3926
FLINDERS,Mornington Peninsula,3929
MOUNT ELIZA,Mornington Peninsula,3930
MT ELIZA,Mornington Peninsula,3930
MORNINGTON,Mornington Peninsula,3931
MOUNT MARTHA,Mornington Peninsula,3934
MT MARTHA,Mornington Peninsula,3934
ARTHURS SEAT,Mornington Peninsula,3936
DROMANA,Mornington Peninsula,3936
SAFETY BEACH,Mornington Peninsula,3936
RED HILL,Mornington Peninsula,3937
MCCRAE,Mornington Peninsula,3938
ROSEBUD,Mornington Peninsula,3939
CAPE SCHANCK,Mornington Peninsula,3939
CAPEL SOUND,Mornington Peninsula,3940
RYE,Mornington Peninsula,3941
SAINT ANDREWS BEACH,Mornington Peninsula,3941
ST ANDREWS BEACH,Mornington Peninsula,3941
TOOTGAROOK,Mornington Peninsula,3941
BLAIRGOWRIE,Mornington Peninsula,3942
SORRENTO,Mornington Peninsula,3943
PORTSEA,Mornington Peninsula,3944
HMAS CERBERUS,Mornington Peninsula,3920
SOMERS,Mornington Peninsula,3927
MAIN RIDGE,Mornington Peninsula,3928
Moorooduc?,Mornington Peninsula,3933
GEORGETOWN,Newcastle,2298
WARATAH,Newcastle,2298
WARATAH WEST,Newcastle,2298
WALLSEND,Newcastle,2287
ADAMSTOWN,Newcastle,2289
ADAMSTOWN HEIGHTS,Newcastle,2289
KOTARA,Newcastle,2289
KOTARA SOUTH,Newcastle,2289
GARDEN SUBURB,Newcastle,2289
HIGHFIELDS,Newcastle,2289
CHARLESTOWN,Newcastle,2289
COOKS HILL,Newcastle,2300
BAR BEACH,Newcastle,2300
NEWCASTLE,Newcastle,2300
THE HILL,Newcastle,2300
NEWCASTLE EAST,Newcastle,2300
NEWCASTLE WEST,Newcastle,2302
HAMILTON SOUTH,Newcastle,2303
HAMILTON EAST,Newcastle,2303
MAYFIELD,Newcastle,2304
MAYFIELD EAST,Newcastle,2304
MAYFIELD WEST,Newcastle,2304
WARABROOK,Newcastle,2304
NEW LAMBTON,Newcastle,2305
NEW LAMBTON HEIGHTS,Newcastle,2305
WINDALE,Newcastle,2306
SHORTLAND,Newcastle,2307
CALLAGHAN,Newcastle,2308
CORLETTE,Newcastle,2315
NELSON BAY,Newcastle,2315
SHOAL BAY,Newcastle,2315
FINGAL BAY,Newcastle,2315
SALAMANDER BAY,Newcastle,2317
SOLDIERS POINT,Newcastle,2317
MEDOWIE,Newcastle,2318
FULLERTON COVE,Newcastle,2318
SALT ASH,Newcastle,2318
LEMON TREE PASSAGE,Newcastle,2319
TANILBA BAY,Newcastle,2319
MALLABULA,Newcastle,2319
GILLIESTON HEIGHTS,Newcastle,2321
HEDDON GRETA,Newcastle,2321
MORPETH,Newcastle,2321
RAWORTH,Newcastle,2321
BUTTERWICK,Newcastle,2321
Clarence Town,Newcastle,2321
BERESFIELD,Newcastle,2322
BLACK HILL,Newcastle,2322
CHISHOLM,Newcastle,2322
TARRO,Newcastle,2322
THORNTON,Newcastle,2322
TOMAGO,Newcastle,2322
WOODBERRY,Newcastle,2322
ASHTONFIELD,Newcastle,2323
HEATHERBRAE,Newcastle,2324
RAYMOND TERRACE,Newcastle,2324
Hawks Nest,Newcastle,2324
BELLBIRD HEIGHTS,Newcastle,2325
NORTH ROTHBURY,Newcastle,2335
THERESA PARK,South Highlands,2570
WEROMBI,South Highlands,2570
BUXTON,South Highlands,2571
PICTON,South Highlands,2571
WILTON,South Highlands,2571
RAZORBACK,South Highlands,2571
THIRLMERE,South Highlands,2572
TAHMOOR,South Highlands,2573
BARGO,South Highlands,2574
MITTAGONG,South Highlands,2575
WILLOW VALE,South Highlands,2575
HILL TOP,South Highlands,2575
COLO VALE,South Highlands,2575
RENWICK,South Highlands,2575
BRAEMAR,South Highlands,2575
BREAMAR,South Highlands,2575
BOWRAL,South Highlands,2576
GLENQUARRY,South Highlands,2576
SUTTON FOREST,South Highlands,2577
MURRUMBATEMAN,South Highlands,2582
BANKSIA BEACH,Sunshine Coast,4507
BONGAREE,Sunshine Coast,4507
MANGO HILL,Sunshine Coast,4509
NORTH LAKES,Sunshine Coast,4509
NORTHLAKES,Sunshine Coast,4509
BELLMERE,Sunshine Coast,4510
CABOOLTURE,Sunshine Coast,4510
CABOOLTURE SOUTH,Sunshine Coast,4510
Upper Caboolture,Sunshine Coast,4510
BEACHMERE,Sunshine Coast,4510
DONNYBROOK,Sunshine Coast,4510
NINGI,Sunshine Coast,4511
Bracalba,Sunshine Coast,4512
Elimbah,Sunshine Coast,4516
Glass House Mountains,Sunshine Coast,4518
BEERWAH,Sunshine Coast,4519
Samford Village,Sunshine Coast,4520
YUGAR,Sunshine Coast,4520
LANDSBOROUGH,Sunshine Coast,4550
AROONA,Sunshine Coast,4551
BARINGA,Sunshine Coast,4551
BELLS CREEK,Sunshine Coast,4551
CALOUNDRA WEST,Sunshine Coast,4551
CURRIMUNDI,Sunshine Coast,4551
GOLDEN BEACH,Sunshine Coast,4551
LITTLE MOUNTAIN,Sunshine Coast,4551
MERIDAN PLAINS,Sunshine Coast,4551
PELICAN WATERS,Sunshine Coast,4551
KINGS BEACH,Sunshine Coast,4551
MOFFAT BEACH,Sunshine Coast,4551
CONONDALE,Sunshine Coast,4552
GLENVIEW,Sunshine Coast,4553
PALMVIEW,Sunshine Coast,4553
PALMWOODS,Sunshine Coast,4555
BUDERIM,Sunshine Coast,4556
KUNDA PARK,Sunshine Coast,4556
MONS,Sunshine Coast,4556
SIPPY DOWNS,Sunshine Coast,4556
MOOLOOLABA,Sunshine Coast,4557
MOUNTAIN CREEK,Sunshine Coast,4557
MAROOCHYDORE,Sunshine Coast,4558
DIDDILLIBAH,Sunshine Coast,4559
WOOMBYE,Sunshine Coast,4559
BLI BLI,Sunshine Coast,4560
MONTVILLE,Sunshine Coast,4560
NAMBOUR,Sunshine Coast,4560
ROSEMOUNT,Sunshine Coast,4560
TOWEN MOUNTAIN,Sunshine Coast,4560
Burnside,Sunshine Coast,4560
KUREELPA,Sunshine Coast,4560
Yandina,Sunshine Coast,4561
EERWAH VALE,Sunshine Coast,4562
EUMUNDI,Sunshine Coast,4562
VERRIERDALE,Sunshine Coast,4562
COOROY,Sunshine Coast,4563
TINBEERWAH,Sunshine Coast,4563
MUDJIMBA,Sunshine Coast,4564
TWIN WATERS,Sunshine Coast,4564
MARCOOLA,Sunshine Coast,4564
COOROIBAH,Sunshine Coast,4565
TEWANTIN,Sunshine Coast,4565
NOOSAVILLE,Sunshine Coast,4566
CASTAWAYS BEACH,Sunshine Coast,4567
SUNRISE BEACH,Sunshine Coast,4567
SUNSHINE BEACH,Sunshine Coast,4567
Pomona,Sunshine Coast,4568
ALEXANDRA HEADLAND,Sunshine Coast,4572
ALEXANDRA HEADLANDS,Sunshine Coast,4572
COOLUM BEACH,Sunshine Coast,4573
MOUNT COOLUM,Sunshine Coast,4573
MT COOLUM,Sunshine Coast,4573
PEREGIAN SPRINGS,Sunshine Coast,4573
Yaroomba,Sunshine Coast,4573
BIRTINYA,Sunshine Coast,4575
BOKARINA,Sunshine Coast,4575
MINYAMA,Sunshine Coast,4575
PARREARRA,Sunshine Coast,4575
WURTULLA,Sunshine Coast,4575
Mount Pleasant,Sunshine Coast,4521
MT COLAH,Sydney,2079
MOUNT KURING-GAI,Sydney,2080
GLENMORE PARK,SYDNEY,2745
MULGOA,SYDNEY,2745
REGENTVILLE,SYDNEY,2745
Luddenham,SYDNEY,2745
WALLACIA,SYDNEY,2745
WARRAGAMBA,SYDNEY,2752
SILVERDALE,SYDNEY,2752
NORTH RICHMOND,SYDNEY,2754
BLIGH PARK,SYDNEY,2756
EBENEZER,SYDNEY,2756
MCGRATHS HILL,SYDNEY,2756
SOUTH WINDSOR,SYDNEY,2756
PITT TOWN,SYDNEY,2756
WINDSOR,SYDNEY,2756
CLARENDON,SYDNEY,2756
GLOSSODIA,SYDNEY,2756
WILBERFORCE,SYDNEY,2756
WINDSOR DOWNS,SYDNEY,2756
FREEMANS REACH,SYDNEY,2756
CATTAI,SYDNEY,2756
KURRAJONG,SYDNEY,2758
BARANGAROO,Sydney,2000
HAYMARKET,Sydney,2000
MILLERS POINT,Sydney,2000
SYDNEY,Sydney,2000
THE ROCKS,Sydney,2000
DAWES POINT,Sydney,2000
Wynyard,Sydney,2000
ULTIMO,Sydney,2007
DARLINGTON,Sydney,2008
CHIPPENDALE,Sydney,2008
PYRMONT,Sydney,2009
DARLINGHURST,Sydney,2010
SURRY HILLS,Sydney,2010
POTTS POINT,Sydney,2011
ELIZABETH BAY,Sydney,2011
ELIZABETHBAY,Sydney,2011
RUSHCUTTERS BAY,Sydney,2011
WOOLLOMOLLO,Sydney,2011
WOOLLOOMOOLOO,Sydney,2011
RUSHCUTTER'S BAY,Sydney,2011
ALEXANDRIA,Sydney,2015
BEACONSFIELD,Sydney,2015
EVELEIGH,Sydney,2015
REDFERN,Sydney,2016
WATERLOO,Sydney,2017
ZETLAND,Sydney,2017
EASTLAKES,Sydney,2018
ROSEBERY,Sydney,2018
BOTANY,Sydney,2019
BANKSMEADOW,Sydney,2019
MASCOT,Sydney,2020
CENTENNIAL PARK,Sydney,2021
MOORE PARK,Sydney,2021
BONDI JUNCTION,Sydney,2022
QUEENS PARK,Sydney,2022
BELLEVUE HILL,Sydney,2023
BRONTE,Sydney,2024
WAVERLEY,Sydney,2024
WOOLLAHRA,Sydney,2025
BONDI,Sydney,2026
BONDI BEACH,Sydney,2026
NORTH BONDI,Sydney,2026
TAMARAMA,Sydney,2026
DARLING POINT,Sydney,2027
EDGECLIFF,Sydney,2027
POINT PIPER,Sydney,2027
DOUBLE BAY,Sydney,2028
ROSE BAY,Sydney,2029
DOVER HEIGHTS,Sydney,2030
VAUCLUSE,Sydney,2030
CLOVELLY,Sydney,2031
RANDWICK,Sydney,2031
COOGEE,Sydney,2031
KINGSFORD,Sydney,2032
DACEYVILLE,Sydney,2032
KENSINGTON,Sydney,2033
SOUTH COOGEE,Sydney,2034
MAROUBRA,Sydney,2035
PAGEWOOD,Sydney,2035
CHIFLEY,Sydney,2036
EASTGARDENS,Sydney,2036
HILLSDALE,Sydney,2036
LITTLE BAY,Sydney,2036
MATRAVILLE,Sydney,2036
PHILLIP BAY,Sydney,2036
MALABAR,Sydney,2036
FOREST LODGE,Sydney,2037
GLEBE,Sydney,2037
ANNANDALE,Sydney,2038
ROZELLE,Sydney,2039
LEICHARDT,Sydney,2040
LILYFIELD,Sydney,2040
BALMAIN,Sydney,2041
BALMAIN EAST,Sydney,2041
BIRCHGROVE,Sydney,2041
ENMORE,Sydney,2042
NEWTOWN,Sydney,2042
ERSKINEVILLE,Sydney,2043
ST PETERS,Sydney,2044
TEMPE,Sydney,2044
SAINT PETERS,Sydney,2044
HABERFIELD,Sydney,2045
ABBOTSFORD,Sydney,2046
CANADA BAY,Sydney,2046
CHISWICK,Sydney,2046
FIVE DOCK,Sydney,2046
RODD POINT,Sydney,2046
RUSSELL LEA,Sydney,2046
WAREEMBA,Sydney,2046
DRUMMOYNE,Sydney,2047
STANMORE,Sydney,2048
LEWISHAM,Sydney,2049
PETERSHAM,Sydney,2049
CAMPERDOWN,Sydney,2050
UNSW SYDNEY,Sydney,2052
CHATSWOOD CHASE,Sydney,2057
NORTH SYDNEY,Sydney,2060
WAVERTON,Sydney,2060
MCMAHONS POINT,Sydney,2060
LAVENDER BAY,Sydney,2060
KIRRIBILLI,Sydney,2061
MILSONS POINT,Sydney,2061
MILSON'S POINT,Sydney,2061
CAMARAY,Sydney,2062
CAMMERAY,Sydney,2062
NORTBRIDGE,Sydney,2063
NORTHBRIDGE,Sydney,2063
ARTARMON,Sydney,2064
CROWS NEST,Sydney,2065
NAREMBURN,Sydney,2065
ST LEONARDS,Sydney,2065
WOLLSTONECRAFT,Sydney,2065
GREENWICH,Sydney,2065
LANE COVE,Sydney,2066
LANE COVE NORTH,Sydney,2066
LANE COVE WEST,Sydney,2066
RIVERVIEW,Sydney,2066
LONGUEVILLE,Sydney,2066
LINLEY POINT,Sydney,2066
NORTHWOOD,Sydney,2066
CHATSWOOD,Sydney,2067
CHATSWOOD WEST,Sydney,2067
MIDDLE COVE,Sydney,2068
WILLOUGHBY,Sydney,2068
CASTLECRAG,Sydney,2068
NORTH WILLOUGHBY,Sydney,2068
WILLOUGHBY EAST,Sydney,2068
ROSEVILLE,Sydney,2069
ROSEVILLE CHASE,Sydney,2069
CASTLE COVE,Sydney,2069
LINDFIELD,Sydney,2070
EAST LINDFIELD,Sydney,2070
KILLARA,Sydney,2071
EAST KILLARA,Sydney,2071
GORDON,Sydney,2072
PYMBLE,Sydney,2073
WEST PYMBLE,Sydney,2073
SOUTH TURRAMURRA,Sydney,2074
TURRAMURRA,Sydney,2074
WARRAWEE,Sydney,2074
NORTH TURRAMURRA,Sydney,2074
TURRUMURRA,Sydney,2074
SAINT IVES,Sydney,2075
SAINT IVES CHASE,Sydney,2075
ST IVES,Sydney,2075
ST IVES CHASE,Sydney,2075
ST IVESS CHASE,Sydney,2075
ST. IVES,Sydney,2075
ST.IVES,Sydney,2075
ST; IVES,Sydney,2075
NORTH WAHROONGA,Sydney,2076
WAHROONGA,Sydney,2076
NORMANHURST,Sydney,2076
ASQUITH,Sydney,2077
HORNSBY,Sydney,2077
WAITARA,Sydney,2077
HORNSBY HEIGHTS,Sydney,2077
TERREY HILLS,Sydney,2084
BELROSE,Sydney,2085
DAVIDSON,Sydney,2085
FRENCHS FOREST,Sydney,2085
FRENCHS FORREST,Sydney,2086
FORESTVILLE,Sydney,2087
KILLARNEY HEIGHTS,Sydney,2087
MOSMAN,Sydney,2088
SPIT JUNCTION,Sydney,2088
NEUTRAL BAY,Sydney,2089
KURRABA POINT,Sydney,2089
CREMORNE,Sydney,2090
CREMORNE POINT,Sydney,2090
SEAFORTH,Sydney,2092
BALGOWLAH,Sydney,2093
BALGOWLAH HEIGHTS,Sydney,2093
MANLY VALE,Sydney,2093
NORTH BALGOWLAH,Sydney,2093
FAIRLIGHT,Sydney,2094
QUEENSCLIFF,Sydney,2095
CROMER,Sydney,2096
CURL CURL,Sydney,2096
FRESHWATER,Sydney,2096
FRESH WATER,Sydney,2096
COLLAROY,Sydney,2097
COLLAROY PLATEAU,Sydney,2097
WHEELER HEIGHTS,Sydney,2097
DEE WHY,Sydney,2099
NARRAWEENA,Sydney,2099
NORTH CURL CURL,Sydney,2099
DEEWHY,Sydney,2099
BEACON HILL,Sydney,2100
ALLAMBIE HEIGHTS,Sydney,2100
BROOKVALE,Sydney,2100
NORTH MANLY,Sydney,2100
OXFORD FALLS,Sydney,2100
NARRABEEN,Sydney,2101
NORTH NARRABEEN,Sydney,2101
ELANORA HEIGHTS,Sydney,2101
WARRIEWOOD,Sydney,2102
MONA VALE,Sydney,2103
BAYVIEW,Sydney,2104
CHURCH POINT,Sydney,2105
NEWPORT,Sydney,2106
AVALON,Sydney,2107
AVALON BEACH,Sydney,2107
BILGOLA,Sydney,2107
BILGOLA BEACH,Sydney,2107
BILGOLA PLATEAU,Sydney,2107
WHALE BEACH,Sydney,2107
CLAREVILLE,Sydney,2107
PALM BEACH,Sydney,2108
HUNTERS HILL,Sydney,2110
WOOLWICH,Sydney,2110
GLADESVILLE,Sydney,2111
HENLEY,Sydney,2111
TENNYSON POINT,Sydney,2111
HUNTLEYS COVE,Sydney,2111
HUNTLEYS POINT,Sydney,2111
DENISTONE EAST,Sydney,2112
PUTNEY,Sydney,2112
RYDE,Sydney,2112
EAST RYDE,Sydney,2113
MACQUARIE PARK,Sydney,2113
NORTH RYDE,Sydney,2113
DENISTONE,Sydney,2114
MEADOWBANK,Sydney,2114
WEST RYDE,Sydney,2114
MELROSE PARK,Sydney,2114
DENISTONE WEST,Sydney,2114
ERMINGTON,Sydney,2115
RYDALMERE,Sydney,2116
DUNDAS,Sydney,2117
DUNDAS VALLEY,Sydney,2117
OATLANDS,Sydney,2117
TELOPEA,Sydney,2117
CARLINGFORD,Sydney,2118
BEECROFT,Sydney,2119
CHELTENHAM,Sydney,2119
PENNANT HILLS,Sydney,2120
THORNLEIGH,Sydney,2120
WESTLEIGH,Sydney,2120
EPPING,Sydney,2121
NORTH EPPING,Sydney,2121
EASTWOOD,Sydney,2122
MARSFIELD,Sydney,2122
WEST PENNANT HILLS,Sydney,2125
CHERRYBROOK,Sydney,2126
NEWINGTON,Sydney,2127
SYDNEY OLYMPIC PARK,Sydney,2127
WENTWORTH POINT,Sydney,2127
SILVERWATER,Sydney,2128
SYDNEY Markets,Sydney,2129
SUMMER HILL,Sydney,2130
ASHFIELD,Sydney,2131
Croydon,Sydney,2132
CROYDON PARK,Sydney,2133
Burwood,Sydney,2134
STRATHFIELD,Sydney,2135
ENFIELD,Sydney,2136
STRATHFIELD SOUTH,Sydney,2136
BREAKFAST POINT,Sydney,2137
CABARITA,Sydney,2137
CONCORD,Sydney,2137
MORTLAKE,Sydney,2137
NORTH STRATHFIELD,Sydney,2137
CONCORD WEST,Sydney,2138
LIBERTY GROVE,Sydney,2138
RHODES,Sydney,2138
HOMEBUSH,Sydney,2140
HOMEBUSH WEST,Sydney,2140
LIDCOMBE,Sydney,2141
BERALA,Sydney,2141
CAMELLIA,Sydney,2142
GRANVILLE,Sydney,2142
ROSEHILL,Sydney,2142
SOUTH GRANVILLE,Sydney,2142
HOLROYD,Sydney,2142
BIRRONG,Sydney,2143
REGENTS PARK,Sydney,2143
POTTS HILL,Sydney,2143
AUBURN,Sydney,2144
CONSTITUTION HILL,Sydney,2145
GREYSTANES,Sydney,2145
MAYS HILL,Sydney,2145
PEMULWUY,Sydney,2145
PENDLE HILL,Sydney,2145
SOUTH WENTWORTHVILLE,Sydney,2145
WESTMEAD,Sydney,2145
WENTWORTHVILLE,Sydney,2145
GIRRAWEEN,Sydney,2145
OLD TOONGABBIE,Sydney,2146
TOONGABBIE,Sydney,2146
KINGS LANGLEY,Sydney,2147
LALOR PARK,Sydney,2147
SEVEN HILLS,Sydney,2147
BLACKTOWN,Sydney,2148
MARAYONG,Sydney,2148
PROSPECT,Sydney,2148
HUNTINGWOOD,Sydney,2148
NORTH PARAMATTA,Sydney,2150
PARRAMATTA,Sydney,2150
HARRIS PARK,Sydney,2150
NORTH PARRAMATTA,Sydney,2151
NORTH ROCKS,Sydney,2151
NORTH MEAD,Sydney,2152
NORTHMEAD,Sydney,2152
BAULKHAM HILLS,Sydney,2153
BELLA VISTA,Sydney,2153
WINSTON HILLS,Sydney,2153
CASTLE HILL,Sydney,2154
BEAUMONT HILLS,Sydney,2155
KELLYVILLE,Sydney,2155
KELLYVILLE RIDGE,Sydney,2155
ROUSE HILL,Sydney,2155
GLENHAVEN,Sydney,2156
KENTHURST,Sydney,2156
Glenorie,Sydney,2157
DURAL,Sydney,2158
MERRYLANDS,Sydney,2160
MERRYLANDS WEST,Sydney,2160
GUILDFORD,Sydney,2161
YENNORA,Sydney,2161
OLD GUILDFORD,Sydney,2161
GUILDFORD WEST,Sydney,2161
CHESTER HILL,Sydney,2162
SEFTON,Sydney,2162
VILLAWOOD,Sydney,2163
SMITHFIELD,Sydney,2164
WETHERILL PARK,Sydney,2164
WOODPARK,Sydney,2164
FAIRFIELD WEST,Sydney,2165
FAIRFIELD,Sydney,2165
FAIRFIELD EAST,Sydney,2165
FAIRFIELD HEIGHTS,Sydney,2165
CABRAMATTA,Sydney,2166
CABRAMATTA WEST,Sydney,2166
CABRAMMATTA WEST,Sydney,2166
CANLEY HEIGHTS,Sydney,2166
CANLEY VALE,Sydney,2166
LANSVALE,Sydney,2166
GLENFIELD,Sydney,2167
ASHCROFT,Sydney,2168
BUSBY,Sydney,2168
CARTWRIGHT,Sydney,2168
GREEN VALLEY,Sydney,2168
HINCHINBROOK,Sydney,2168
HECKENBERG,Sydney,2168
SADLEIR,Sydney,2168
CASULA,Sydney,2170
CHIPPING NORTON,Sydney,2170
HAMMONDVILLE,Sydney,2170
LIVERPOOL,Sydney,2170
LURNEA,Sydney,2170
MOOREBANK,Sydney,2170
PRESTONS,Sydney,2170
WARWICK FARM,Sydney,2170
MOUNT PRITCHARD,Sydney,2170
CARNES HILL,Sydney,2171
CECIL HILLS,Sydney,2171
ELIZABETH HILLS,Sydney,2171
HORNINGSEA PARK,Sydney,2171
HOXTON PARK,Sydney,2171
LEN WATERS ESTATE,Sydney,2171
MIDDLETON GRANGE,Sydney,2171
WEST HOXTON,Sydney,2171
PLEASURE POINT,Sydney,2172
VOYAGER POINT,Sydney,2172
SANDY POINT,Sydney,2172
HOLSWORTHY,Sydney,2173
WATTLE GROVE,Sydney,2173
EDMONDSON PARK,Sydney,2174
HORSLEY PARK,Sydney,2175
BOSSLEY PARK,Sydney,2176
EDENSOR PARK,Sydney,2176
GREENFIELD PARK,Sydney,2176
PRAIRIEWOOD,Sydney,2176
ST JOHNS PARK,Sydney,2176
WAKELEY,Sydney,2176
ABBOTSBURY,Sydney,2176
EDSON PARK,Sydney,2176
BONNYRIGG,Sydney,2177
BONNYRIGG HEIGHTS,Sydney,2177
CECIL PARK,Sydney,2178
MOUNT VERNON,Sydney,2178
KEMPS CREEK,Sydney,2178
LEPPINGTON,Sydney,2179
AUSTRAL,Sydney,2179
GREENACRE,Sydney,2190
CHULLORA,Sydney,2190
MOUNT LEWIS,Sydney,2190
BELFIELD,Sydney,2191
BELMORE,Sydney,2192
ASHBURY,Sydney,2193
HURLSTONE PARK,Sydney,2193
CAMPSIE,Sydney,2194
LAKEMBA,Sydney,2195
WILEY PARK,Sydney,2195
PUNCHBOWL,Sydney,2196
ROSELANDS,Sydney,2196
BASS HILL,Sydney,2197
GEORGES HALL,Sydney,2198
YAGOONA,Sydney,2199
CONDELL PARK,Sydney,2200
BANKSTOWN,Sydney,2200
DULWHICH HILL,Sydney,2203
DULWICH HILL,Sydney,2203
MARRICKVILLE,Sydney,2204
MARRICKVILLE SOUTH,Sydney,2204
ARNCLIFFE,Sydney,2205
WOLLI CREEK,Sydney,2205
TURRELLA,Sydney,2205
EARLWOOD,Sydney,2206
CLEMTON PARK,Sydney,2206
BARDWELL PARK,Sydney,2207
BARDWELL VALLEY,Sydney,2207
BEXLEY NORTH,Sydney,2207
BEXLEY,Sydney,2207
KINGSGROVE,Sydney,2208
BEVERLY HILLS,Sydney,2209
NARWEE,Sydney,2209
LUGARNO,Sydney,2210
PEAKHURST,Sydney,2210
PEAKHURST HEIGHTS,Sydney,2210
RIVERWOOD,Sydney,2210
PADSTOW,Sydney,2211
PADSTOW HEIGHTS,Sydney,2211
REVESBY,Sydney,2212
REVESBY HEIGHTS,Sydney,2212
EAST HILLS,Sydney,2213
PANANIA,Sydney,2213
PICNIC POINT,Sydney,2213
MILPERRA,Sydney,2214
BANKSIA,Sydney,2216
BRIGHTON-LE-SANDS,Sydney,2216
ROCKDALE,Sydney,2216
KYEEMAGH,Sydney,2216
BEVERLEY PARK,Sydney,2217
KOGARAH,Sydney,2217
MONTEREY,Sydney,2217
RAMSGATE,Sydney,2217
RAMSGATE BEACH,Sydney,2217
KOGARAH BAY,Sydney,2217
CARLTON,Sydney,2218
SANDRINGHAM,Sydney,2219
SANS SOUCI,Sydney,2219
DOLLS POINT,Sydney,2219
HURSTVILLE,Sydney,2220
HURSTVILLE GROVE,Sydney,2220
CARSS PARK,Sydney,2221
CONNELLS POINT,Sydney,2221
BLAKEHURST,Sydney,2221
SOUTH HURSTVILLE,Sydney,2221
PENSHURST,Sydney,2222
MORTDALE,Sydney,2223
OATLEY,Sydney,2223
SYLVANIA,Sydney,2224
SYLVANIA WATERS,Sydney,2224
OYSTER BAY,Sydney,2225
BONNET BAY,Sydney,2226
COMO,Sydney,2226
JANNALI,Sydney,2226
COMI,Sydney,2226
GYMEA,Sydney,2227
GYMEA BAY,Sydney,2227
MIRANDA,Sydney,2228
YOWIE BAY,Sydney,2228
CARINGBAH,Sydney,2229
CARINGBAH SOUTH,Sydney,2229
DOLANS BAY,Sydney,2229
TAREN POINT,Sydney,2229
LILLI PILLI,Sydney,2229
PORT HACKING,Sydney,2229
BUNDEENA,Sydney,2230
BURRANEER,Sydney,2230
CRONULLA,Sydney,2230
GREENHILLS BEACH,Sydney,2230
MAIANBAR,Sydney,2230
WOOLOOWARE,Sydney,2230
KURNELL,Sydney,2231
GRAYS POINT,Sydney,2232
KAREELA,Sydney,2232
LOFTUS,Sydney,2232
SUTHERLAND,Sydney,2232
WORONORA,Sydney,2232
KIRRAWEE,Sydney,2232
KIRALEA,Sydney,2232
ENGADINE,Sydney,2233
HEATHCOTE,Sydney,2233
WORONORA HEIGHTS,Sydney,2233
YARRAWARRAH,Sydney,2233
BANGOR,Sydney,2234
BARDEN RIDGE,Sydney,2234
ILLAWONG,Sydney,2234
MENAI,Sydney,2234
ALFORDS POINT,Sydney,2234
BRINGELLY,Sydney,2556
GLEDSWOOD HILLS,Sydney,2557
GREGORY HILLS,Sydney,2557
ROSSMORE,Sydney,2557
CATHERINE FIELD,Sydney,2557
KEARNS,Sydney,2558
EAGLE VALE,Sydney,2558
ESCHOL PARK,Sydney,2558
BLAIRMOUNT,Sydney,2559
CLAYMORE,Sydney,2559
AMBARVALE,Sydney,2560
APPIN,Sydney,2560
BRADBURY,Sydney,2560
CAMPBELLTOWN,Sydney,2560
GLEN ALPINE,Sydney,2560
LEUMEAH,Sydney,2560
ROSEMEADOW,Sydney,2560
RUSE,Sydney,2560
ST HELENS PARK,Sydney,2560
WOODBINE,Sydney,2560
BLAIR ATHOL,Sydney,2560
KENTLYN,Sydney,2560
CAMPBELLTOWN NORTH,Sydney,2560
AIRDS,Sydney,2560
ENGLORIE PARK,Sydney,2560
MACQUARIE FIELDS,Sydney,2564
DENHAM COURT,Sydney,2565
INGLEBURN,Sydney,2565
MACQUARIE LINKS,Sydney,2565
BARDIA,Sydney,2565
BOW BOWING,Sydney,2566
MINTO,Sydney,2566
RABY,Sydney,2566
ST ANDREWS,Sydney,2566
SAINT ANDREWS,Sydney,2566
MINTO HEIGHTS,Sydney,2566
CURRANS HILL,Sydney,2567
HARRINGTON PARK,Sydney,2567
MOUNT ANNAN,Sydney,2567
cobbitty,Sydney,2570
CADDENS,Sydney,2747
CAMBRIDGE PARK,Sydney,2747
CLAREMONT MEADOWS,Sydney,2747
JORDAN SPRINGS,Sydney,2747
KINGSWOOD,Sydney,2747
LLANDILO,Sydney,2747
WERRINGTON COUNTY,Sydney,2747
WERRINGTON DOWNS,Sydney,2747
WERRINGTON,Sydney,2747
CAMBRIDGE GARDENS,Sydney,2747
SHANES PARK,Sydney,2747
ORCHARD HILLS,Sydney,2748
CRANEBROOK,Sydney,2749
CASTLEREAGH,Sydney,2749
EMU PLAINS,Sydney,2750
JAMISONTOWN,Sydney,2750
LEONAY,Sydney,2750
PENRITH,Sydney,2750
SOUTH PENRITH,Sydney,2750
EMU HEIGHTS,Sydney,2750
LONDONDERRY,Sydney,2753
AGNES BANKS,Sydney,2753
HOBARTVILLE,Sydney,2753
GROSE VALE,Sydney,2753
GROSE WOLD,Sydney,2753
ERSKINE PARK,Sydney,2759
SAINT CLAIR,Sydney,2759
ST CLAIR,Sydney,2759
COLYTON,Sydney,2760
NORTH ST MARYS,Sydney,2760
OXLEY PARK,Sydney,2760
ROPES CROSSING,Sydney,2760
ST MARYS,Sydney,2760
ST MARY'S,Sydney,2760
SAINT MARYS,Sydney,2760
GLENDENNING,Sydney,2761
OAKHURST,Sydney,2761
PLUMPTON,Sydney,2761
COLEBEE,Sydney,2761
HASSALL GROVE,Sydney,2761
DEAN PARK,Sydney,2761
SCHOFIELDS,Sydney,2762
QUAKERS HILL,Sydney,2763
ACACIA GARDENS,Sydney,2763
BOX HILL,Sydney,2765
MARSDEN PARK,Sydney,2765
NELSON,Sydney,2765
RIVERSTONE,Sydney,2765
VINEYARD,Sydney,2765
BERKSHIRE PARK,Sydney,2765
EASTERN CREEK,Sydney,2766
ROOTY HILL,Sydney,2766
DOONSIDE,Sydney,2767
BUNGARRIBEE,Sydney,2767
WOODCROFT,Sydney,2767
GLENWOOD,Sydney,2768
PARKLEA,Sydney,2768
STANHOPE GARDENS,Sydney,2768
THE PONDS,Sydney,2769
BIDWILL,Sydney,2770
BLACKETT,Sydney,2770
DHARRUK,Sydney,2770
HEBERSHAM,Sydney,2770
LETHBRIDGE PARK,Sydney,2770
MINCHINBURY,Sydney,2770
MOUNT DRUITT,Sydney,2770
TREGEAR,Sydney,2770
WHALAN,Sydney,2770
SHALVEY,Sydney,2770
EMERTON,Sydney,2770
WILLMOT,Sydney,2770
WEST PENNANT HILLS,Sydney,2125
NARELLAN VALE,SYDNEY,2567
SMEATON GRANGE,SYDNEY,2567
NARELLAN,SYDNEY,2567
MENANGLE,SYDNEY,2568
DOUGLAS PARK,SYDNEY,2569
CAMDEN,SYDNEY,2570
CAMDEN PARK,SYDNEY,2570
CAMDEN SOUTH,SYDNEY,2570
ELDERSLIE,SYDNEY,2570
KIRKHAM,SYDNEY,2570
ORAN PARK,SYDNEY,2570
ORANGEVILLE,SYDNEY,2570
SPRING FARM,SYDNEY,2570
BROWNLOW HILL,SYDNEY,2570
CAWDOR,SYDNEY,2570
ELLIS LANE,SYDNEY,2570
OAKDALE,SYDNEY,2570
BELIMBLA PARK,SYDNEY,2570
GRASMERE,SYDNEY,2570
COBBITTY,SYDNEY,2570
GLENMORE,SYDNEY,2570
CONISTON,Wollongong,2500
GWYNNEVILLE,Wollongong,2500
MANGERTON,Wollongong,2500
MOUNT KEIRA,Wollongong,2500
MOUNT SAINT THOMAS,Wollongong,2500
NORTH WOLLONGONG,Wollongong,2500
WEST WOLLONGONG,Wollongong,2500
WOLLONGONG,Wollongong,2500
WOLLONGONG WEST,Wollongong,2500
KEIRAVILLE,Wollongong,2500
MT ST THOMAS,Wollongong,2500
MT.KEIRA,Wollongong,2500
WONGAWILLI,Wollongong,2500
LAKE HEIGHTS,Wollongong,2502
WARRAWONG,Wollongong,2502
PRIMBEE,Wollongong,2502
CRINGILA,Wollongong,2502
PORT KEMBLA,Wollongong,2505
BERKELEY,Wollongong,2506
HELENSBURGH,Wollongong,2508
STANWELL PARK,Wollongong,2508
OTFORD,Wollongong,2508
AUSTINMER,Wollongong,2515
THIRROUL,Wollongong,2515
WOMBARRA,Wollongong,2515
COLEDALE,Wollongong,2515
BULLI,Wollongong,2516
RUSSELL VALE,Wollongong,2517
WOONONA,Wollongong,2517
WOONONA EAST,Wollongong,2517
WOONONA HTS,Wollongong,2517
BELLAMBI,Wollongong,2518
CORRIMAL,Wollongong,2518
CORRIMAL EAST,Wollongong,2518
EAST CORRIMAL,Wollongong,2518
TARRAWANNA,Wollongong,2518
TOWRADGI,Wollongong,2518
CORRIMAL HEIGHTS,Wollongong,2518
BALLAMBI,Wollongong,2518
FAIRY MEADOW,Wollongong,2519
BALGOWNIE,Wollongong,2519
FERNHILL,Wollongong,2519
MOUNT OUSLEY,Wollongong,2519
MOUNT PLEASANT,Wollongong,2519
FIGTREE,Wollongong,2525
CORDEAUX HEIGHTS,Wollongong,2526
FARMBOROUGH HEIGHTS,Wollongong,2526
Unanderra,Wollongong,2526
MOUNT KEMBLA,Wollongong,2526
MT KEMBLA,Wollongong,2526
ALBION PARK,Wollongong,2527
ALBION PARK RAIL,Wollongong,2527
TULLIMBAR,Wollongong,2527
NORTH MCQUARIE,Wollongong,2527
BARRACK HEIGHTS,Wollongong,2528
BARRACK POINT,Wollongong,2528
LAKE ILLAWARRA,Wollongong,2528
MOUNT WARRIGAL,Wollongong,2528
WARILLA,Wollongong,2528
WINDANG,Wollongong,2528
BLACKBUTT,Wollongong,2529
FLINDERS,Wollongong,2529
OAK FLATS,Wollongong,2529
SHELL COVE,Wollongong,2529
SHELLHARBOUR,Wollongong,2529
SHELLHARBOUR CITY CENTRE,Wollongong,2529
BROWNSVILLE,Wollongong,2530
DAPTO,Wollongong,2530
HORSLEY,Wollongong,2530
KANAHOOKA,Wollongong,2530
KOONAWARRA,Wollongong,2530
HAYWARDS BAY,Wollongong,2530
MARSHALL MOUNT,Wollongong,2530
YALLAH,Wollongong,2530
KIAMA,Wollongong,2533
KIAMA DOWNS,Wollongong,2533
MINNAMURRA,Wollongong,2533
JAMBEROO,Wollongong,2533
BOMBO,Wollongong,2533
GERRINGONG,Wollongong,2534
LAUNCHING PLACE,Yarra Valley,3139
SEVILLE,Yarra Valley,3139
WANDIN NORTH,Yarra Valley,3139
WOORI YALLOCK,Yarra Valley,3139
MOUNT DANDENONG,Yarra Valley,3767
COLDSTREAM,Yarra Valley,3770
YARRA GLEN,Yarra Valley,3775
HEALESVILLE,Yarra Valley,3777
COCKATOO,Yarra Valley,3781
AVONSLEIGH,Yarra Valley,3782
EMERALD,Yarra Valley,3782
GEMBROOK,Yarra Valley,3783
FERNY CREEK,Yarra Valley,3786
OLINDA,Yarra Valley,3788
SHERBROOKE,Yarra Valley,3789
KALLISTA,Yarra Valley,3791
Monbulk,Yarra Valley,3793
SILVAN,Yarra Valley,3795
GILDEROY,Yarra Valley,3797
GLADYSDALE,Yarra Valley,3797
POWELLTOWN,Yarra Valley,3797
THREE BRIDGES,Yarra Valley,3797
YARRA JUNCTION,Yarra Valley,3797
MILLGROVE,Yarra Valley,3799
WARBURTON,Yarra Valley,3799
WESBURN,Yarra Valley,3799
Arthurs Creek,Yarra Valley,3099
Kalorama?,Yarra Valley,3766
The Patch,Yarra Valley,3792
Helidon,Redlands and Logan,4344
Gatton,Redlands and Logan,4343
Plainland,Redlands and Logan,4341
Laidley,Redlands and Logan,4341
Regency Downs,Redlands and Logan,4341
Marburg,Redlands and Logan,4346
Forest Hill,Redlands and Logan,4342
Doolandella,Redlands and Logan,4077
Durack,Redlands and Logan,4077
Inala,Redlands and Logan,4077
Inala East,Redlands and Logan,4077
Inala Heights,Redlands and Logan,4077
Inala West,Redlands and Logan,4077
Richlands,Redlands and Logan,4077
Richlands Bc,Redlands and Logan,4077
Richlands Dc,Redlands and Logan,4077
Serviceton,Redlands and Logan,4077
Ellen Grove,Redlands and Logan,4078
Forest Lake,Redlands and Logan,4078
Altandi,Redlands and Logan,4109
Banoon,Redlands and Logan,4109
Macgregor,Redlands and Logan,4109
Robertson,Redlands and Logan,4109
Sunnybank,Redlands and Logan,4109
Sunnybank Hills,Redlands and Logan,4109
Sunnybank South,Redlands and Logan,4109
Acacia Ridge,Redlands and Logan,4110
Acacia Ridge Bc,Redlands and Logan,4110
Acacia Ridge Dc,Redlands and Logan,4110
Heathwood,Redlands and Logan,4110
Larapinta,Redlands and Logan,4110
Pallara,Redlands and Logan,4110
Willawong,Redlands and Logan,4110
,Redlands and Logan,4111
Kuraby,Redlands and Logan,4112
Eight Mile Plains,Redlands and Logan,4113
Fruitgrove,Redlands and Logan,4113
Runcorn,Redlands and Logan,4113
Kingston,Redlands and Logan,4114
Logan Central,Redlands and Logan,4114
Logan City Bc,Redlands and Logan,4114
Logan City Dc,Redlands and Logan,4114
Trinder Park,Redlands and Logan,4114
Woodridge,Redlands and Logan,4114
Woodridge East,Redlands and Logan,4114
Algester,Redlands and Logan,4115
Parkinson,Redlands and Logan,4115
Calamvale,Redlands and Logan,4116
Drewvale,Redlands and Logan,4116
Stretton,Redlands and Logan,4116
Berrinba,Redlands and Logan,4117
Karawatha,Redlands and Logan,4117
Browns Plains,Redlands and Logan,4118
Browns Plains Bc,Redlands and Logan,4118
Brownsleigh,Redlands and Logan,4118
Forestdale,Redlands and Logan,4118
Heritage Park,Redlands and Logan,4118
Hillcrest,Redlands and Logan,4118
Regents Park,Redlands and Logan,4118
Underwood,Redlands and Logan,4119
Priests Gully,Redlands and Logan,4123
Rochedale,Redlands and Logan,4123
Rochedale South,Redlands and Logan,4123
Chatswood Hills,Redlands and Logan,4127
Daisy Hill,Redlands and Logan,4127
Priestdale,Redlands and Logan,4127
Slacks Creek,Redlands and Logan,4127
Springwood,Redlands and Logan,4127
Springwood Bc,Redlands and Logan,4127
Kimberley Park,Redlands and Logan,4128
Logan Hyperdome Bc,Redlands and Logan,4128
Shailer Park,Redlands and Logan,4128
Tanah Merah,Redlands and Logan,4128
Logandale,Redlands and Logan,4129
Loganholme,Redlands and Logan,4129
Loganholme Bc,Redlands and Logan,4129
Loganholme Dc,Redlands and Logan,4129
Carbrook,Redlands and Logan,4130
Cornubia,Redlands and Logan,4130
Loganlea,Redlands and Logan,4131
Meadowbrook,Redlands and Logan,4131
Crestmead,Redlands and Logan,4132
Crestmead Dc,Redlands and Logan,4132
Marsden,Redlands and Logan,4132
Marsden Postal Depot,Redlands and Logan,4132
Chambers Flat,Redlands and Logan,4133
Logan Reserve,Redlands and Logan,4133
Waterford,Redlands and Logan,4133
Waterford West,Redlands and Logan,4133
Belmont,Redlands and Logan,4153
Belmont Heights,Redlands and Logan,4153
Gumdale,Redlands and Logan,4154
Ransome,Redlands and Logan,4154
Wakerley,Redlands and Logan,4154
Chandler,Redlands and Logan,4155
Burbank,Redlands and Logan,4156
Mackenzie,Redlands and Logan,4156
Capalaba,Redlands and Logan,4157
Capalaba Bc,Redlands and Logan,4157
Capalaba Dc,Redlands and Logan,4157
Capalaba West,Redlands and Logan,4157
Sheldon,Redlands and Logan,4157
Thorneside,Redlands and Logan,4158
Birkdale,Redlands and Logan,4159
Erobin,Redlands and Logan,4160
Ormiston,Redlands and Logan,4160
Wellington Point,Redlands and Logan,4160
Alexandra Hills,Redlands and Logan,4161
Cleveland,Redlands and Logan,4163
Cleveland Dc,Redlands and Logan,4163
Pinklands,Redlands and Logan,4164
Thornlands,Redlands and Logan,4164
Mount Cotton,Redlands and Logan,4165
Point Halloran,Redlands and Logan,4165
Point Talburpin,Redlands and Logan,4165
Redland Bay,Redlands and Logan,4165
Victoria Point,Redlands and Logan,4165
Victoria Point West,Redlands and Logan,4165
Tingalpa,Redlands and Logan,4173
Tingalpa Bc,Redlands and Logan,4173
Tingalpa Dc,Redlands and Logan,4173
Doboy,Redlands and Logan,4174
Hemmant,Redlands and Logan,4174
Wynnum,Redlands and Logan,4178
Manly,Redlands and Logan,4179
Bethania,Redlands and Logan,4205
Bracken Ridge,Moreton Bay,4017
Brighton,Moreton Bay,4017
Brighton Eventide,Moreton Bay,4017
Brighton Nathan Street,Moreton Bay,4017
Deagon,Moreton Bay,4017
Nashville,Moreton Bay,4017
Sandgate,Moreton Bay,4017
Sandgate Dc,Moreton Bay,4017
Shorncliffe,Moreton Bay,4017
Fitzgibbon,Moreton Bay,4018
Taigum,Moreton Bay,4018
Clontarf,Moreton Bay,4019
Margate,Moreton Bay,4019
Scotts Point,Moreton Bay,4019
Woody Point,Moreton Bay,4019
Newport,Moreton Bay,4020
Redcliffe,Moreton Bay,4020
Redcliffe North,Moreton Bay,4020
Scarborough,Moreton Bay,4020
Kippa-ring,Moreton Bay,4021
Rothwell,Moreton Bay,4022
Chermside,Moreton Bay,4032
Chermside,Moreton Bay,4032
Craigslea,Moreton Bay,4032
Aspley,Moreton Bay,4034
Boondall,Moreton Bay,4034
Carseldine,Moreton Bay,4034
Geebung,Moreton Bay,4034
Zillmere,Moreton Bay,4034
Albany Creek,Moreton Bay,4035
Bridgeman Downs,Moreton Bay,4035
Cashs Crossing,Moreton Bay,4035
Bald Hills,Moreton Bay,4036
Eatons Hill,Moreton Bay,4037
Brookside Centre,Moreton Bay,4053
Everton Hills,Moreton Bay,4053
Everton Park,Moreton Bay,4053
Mcdowall,Moreton Bay,4053
Mitchelton,Moreton Bay,4053
Oxford Park,Moreton Bay,4053
Somerset Hills,Moreton Bay,4053
Stafford,Moreton Bay,4053
Stafford Bc,Moreton Bay,4053
Stafford City,Moreton Bay,4053
Stafford Dc,Moreton Bay,4053
Stafford Heights,Moreton Bay,4053
Arana Hills,Moreton Bay,4054
Grovely,Moreton Bay,4054
Keperra,Moreton Bay,4054
Bunya,Moreton Bay,4055
Ferny Grove,Moreton Bay,4055
Ferny Hills,Moreton Bay,4055
Ferny Hills Dc,Moreton Bay,4055
Kedron Upper,Moreton Bay,4055
Upper Kedron,Moreton Bay,4055
The Gap,Moreton Bay,4061
Bray Park,Moreton Bay,4500
Brendale,Moreton Bay,4500
Cashmere,Moreton Bay,4500
Clear Mountain,Moreton Bay,4500
Joyner,Moreton Bay,4500
Strathpine,Moreton Bay,4500
Strathpine Centre,Moreton Bay,4500
Strathpine City,Moreton Bay,4500
Warner,Moreton Bay,4500
Lawnton,Moreton Bay,4501
Frenchs Forest,Moreton Bay,4502
Petrie,Moreton Bay,4502
Dakabin,Moreton Bay,4503
Dohles Rocks,Moreton Bay,4503
Griffin,Moreton Bay,4503
Kallangur,Moreton Bay,4503
Kurwongbah,Moreton Bay,4503
Murrumba Downs,Moreton Bay,4503
Whiteside,Moreton Bay,4503
Narangba,Moreton Bay,4504
Burpengary,Moreton Bay,4505
Burpengary Dc,Moreton Bay,4505
Deception Bay,Moreton Bay,4508
Mango Hill,Moreton Bay,4509
North Lakes,Moreton Bay,4509
Brisbane,Brisbane,4000
Brisbane Adelaide Street,Brisbane,4000
Brisbane City,Brisbane,4000
Brisbane City Dc,Brisbane,4000
Brisbane Gpo,Brisbane,4000
Brisbane-city,Brisbane,4000
Parliament House,Brisbane,4000
Petrie Terrace,Brisbane,4000
Spring Hill,Brisbane,4000
New Farm,Brisbane,4005
Teneriffe,Brisbane,4005
,Brisbane,4007
Hamilton Central,Brisbane,4007
Whinstanes,Brisbane,4007
Brisbane Airport,Brisbane,4008
Bulwer Island,Brisbane,4008
Meeandah,Brisbane,4008
Myrtletown,Brisbane,4008
Pinkenba,Brisbane,4008
Eagle Farm,Brisbane,4009
Eagle Farm Bc,Brisbane,4009
Albion,Brisbane,4010
Albion Bc,Brisbane,4010
Albion Dc,Brisbane,4010
Breakfast Creek,Brisbane,4010
Clayfield,Brisbane,4011
Eagle Junction,Brisbane,4011
Hendra,Brisbane,4011
Nundah,Brisbane,4012
Toombul,Brisbane,4012
Wavell Heights,Brisbane,4012
Wavell Heights North,Brisbane,4012
Northgate,Brisbane,4013
Northgate Mc,Brisbane,4013
Banyo,Brisbane,4014
Nudgee,Brisbane,4014
Nudgee Beach,Brisbane,4014
Virginia,Brisbane,4014
Virginia Bc,Brisbane,4014
Virginia Dc,Brisbane,4014
Royal Brisbane Hospital,Brisbane,4029
Eildon Hill,Brisbane,4030
Kalinga,Brisbane,4030
Lutwyche,Brisbane,4030
Windsor,Brisbane,4030
Wooloowin,Brisbane,4030
Glen Kedron,Brisbane,4031
Gordon Park,Brisbane,4031
Kedron,Brisbane,4031
Alderley,Brisbane,4051
Enoggera,Brisbane,4051
Gaythorne,Brisbane,4051
Grange,Brisbane,4051
Newmarket,Brisbane,4051
The Grange,Brisbane,4051
Wilston,Brisbane,4051
Ballymore,Brisbane,4059
Ithaca,Brisbane,4059
Kelvin Grove,Brisbane,4059
Normanby,Brisbane,4059
Red Hill,Brisbane,4059
Ashgrove,Brisbane,4060
Ashgrove West,Brisbane,4060
Dorrington,Brisbane,4060
St Johns Wood,Brisbane,4060
Baroona,Brisbane,4064
Milton,Brisbane,4064
Milton Bc,Brisbane,4064
Paddington,Brisbane,4064
Rosalie,Brisbane,4064
Bardon,Brisbane,4065
Bardon West,Brisbane,4065
Jubilee,Brisbane,4065
Rainworth,Brisbane,4065
Auchenflower,Brisbane,4066
Mount Coot-tha,Brisbane,4066
Stuartholme,Brisbane,4066
Toowong,Brisbane,4066
Toowong Bc,Brisbane,4066
Toowong Dc,Brisbane,4066
Torwood,Brisbane,4066
Ironside,Brisbane,4067
St Lucia,Brisbane,4067
St Lucia South,Brisbane,4067
Chelmer,Brisbane,4068
Indooroopilly,Brisbane,4068
Indooroopilly Centre,Brisbane,4068
Long Pocket,Brisbane,4068
Taringa,Brisbane,4068
Fig Tree Pocket,Brisbane,4069
Seventeen Mile Rocks,Brisbane,4073
Sinnamon Park,Brisbane,4073
,Brisbane,4074
Corinda,Brisbane,4075
Graceville,Brisbane,4075
Graceville East,Brisbane,4075
Oxley,Brisbane,4075
Sherwood,Brisbane,4075
Highgate Hill,Brisbane,4101
Mater Hill,Brisbane,4101
Mater Hospital,Brisbane,4101
South Bank,Brisbane,4101
South Brisbane,Brisbane,4101
South Brisbane Bc,Brisbane,4101
West End,Brisbane,4101
Buranda,Brisbane,4102
Dutton Park,Brisbane,4102
Princess Alexandra Hospital,Brisbane,4102
Woolloongabba,Brisbane,4102
Annerley,Brisbane,4103
Annerley Dc,Brisbane,4103
Fairfield,Brisbane,4103
Fairfield Gardens,Brisbane,4103
Thompson Estate,Brisbane,4103
Yeronga,Brisbane,4104
Yeronga West,Brisbane,4104
Clifton Hill,Brisbane,4105
Moorooka,Brisbane,4105
Moorvale,Brisbane,4105
Tennyson,Brisbane,4105
Yeerongpilly,Brisbane,4105
Brisbane Market,Brisbane,4106
Rocklea,Brisbane,4106
Rocklea Dc,Brisbane,4106
Salisbury,Brisbane,4107
Salisbury East,Brisbane,4107
Archerfield,Brisbane,4108
Coopers Plains,Brisbane,4108
Griffith University,Brisbane,4111
Nathan,Brisbane,4111
Greenslopes,Brisbane,4120
Loreto Hill,Brisbane,4120
Stones Corner,Brisbane,4120
Ekibin,Brisbane,4121
Holland Park,Brisbane,4121
Holland Park East,Brisbane,4121
Holland Park West,Brisbane,4121
Mount Thompson,Brisbane,4121
Tarragindi,Brisbane,4121
Wellers Hill,Brisbane,4121
Mansfield,Brisbane,4122
Mansfield Bc,Brisbane,4122
Mansfield Dc,Brisbane,4122
Mount Gravatt,Brisbane,4122
Mount Gravatt East,Brisbane,4122
Upper Mount Gravatt,Brisbane,4122
Upper Mount Gravatt Bc,Brisbane,4122
Wishart,Brisbane,4122
Tarragindi,Brisbane,4124
Coorparoo,Brisbane,4151
Coorparoo Bc,Brisbane,4151
Coorparoo Dc,Brisbane,4151
Camp Hill,Brisbane,4152
Carina,Brisbane,4152
Carina Heights,Brisbane,4152
Carina North,Brisbane,4152
Carindale,Brisbane,4152
Whites Hill,Brisbane,4152
East Brisbane,Brisbane,4169
Kangaroo Point,Brisbane,4169
Stanley Bridge,Brisbane,4169
Cannon Hill,Brisbane,4170
Colmslie,Brisbane,4170
Morningside,Brisbane,4170
Norman Park,Brisbane,4170
Seven Hills,Brisbane,4170
Balmoral,Brisbane,4171
Bulimba,Brisbane,4171
Galloways Hill,Brisbane,4171
Hawthorne,Brisbane,4171
Murarrie,Brisbane,4172
Griffith University,Brisbane,4222
Springfield,Brisbane,4300
Collingwood Park,Brisbane,4301
Greenwood Village,Brisbane,4301
Redbank,Brisbane,4301
Redbank Plains,Brisbane,4301
Dinmore,Brisbane,4303
New Chum,Brisbane,4303
Riverview,Brisbane,4303
Blackstone,Ipswich,4304
Booval,Ipswich,4304
Booval Bc,Ipswich,4304
Booval Dc,Ipswich,4304
Booval Fair,Ipswich,4304
Bundamba,Ipswich,4304
Ebbw Vale,Ipswich,4304
North Booval,Ipswich,4304
Silkstone,Ipswich,4304
Basin Pocket,Ipswich,4305
Brassall,Ipswich,4305
Brassall Heights,Ipswich,4305
Bremer,Ipswich,4305
Churchill,Ipswich,4305
Coalfalls,Ipswich,4305
East Ipswich,Ipswich,4305
Eastern Heights,Ipswich,4305
Flinders View,Ipswich,4305
Ipswich,Ipswich,4305
Leichhardt,Ipswich,4305
Limestone Ridges,Ipswich,4305
Moores Pocket,Ipswich,4305
Newtown,Ipswich,4305
North Ipswich,Ipswich,4305
North Tivoli,Ipswich,4305
One Mile,Ipswich,4305
Raceview,Ipswich,4305
Raymonds Hill,Ipswich,4305
Sadliers Crossing,Ipswich,4305
Tivoli,Ipswich,4305
West Ipswich,Ipswich,4305
Woodend,Ipswich,4305
Wulkuraka,Ipswich,4305
Yamanto,Ipswich,4305
Aroona,Sunshine Coast,4551
Battery Hill,Sunshine Coast,4551
Beerburrum,Sunshine Coast,4517
Beerwah,Sunshine Coast,4519
Bells Creek,Sunshine Coast,4551
Birtinya,Sunshine Coast,4575
Bokarina,Sunshine Coast,4575
Buddina,Sunshine Coast,4575
Caloundra,Sunshine Coast,4551
Caloundra West,Sunshine Coast,4551
Currimundi,Sunshine Coast,4551
Dicky Beach,Sunshine Coast,4551
Glass House Mountains,Sunshine Coast,4518
Glenview,Sunshine Coast,4553
Golden Beach,Sunshine Coast,4551
Kings Beach,Sunshine Coast,4551
Landsborough,Sunshine Coast,4519
Little Mountain,Sunshine Coast,4551
Meridan Plains,Sunshine Coast,4551
Minyama,Sunshine Coast,4575
Moffat Beach,Sunshine Coast,4551
Mooloolah Valley,Sunshine Coast,4553
Mount Mellum,Sunshine Coast,4550
Palmview,Sunshine Coast,4553
Parrearra,Sunshine Coast,4575
Pelican Waters,Sunshine Coast,4551
Shelly Beach,Sunshine Coast,4551
Warana,Sunshine Coast,4575
Wurtulla,Sunshine Coast,4575
Alexandra Headland,Sunshine Coast,4572
Bli Bli,Sunshine Coast,4560
Bridges,Sunshine Coast,4561
Buderim,Sunshine Coast,4556
Burnside,Sunshine Coast,4560
Chevallum,Sunshine Coast,4555
Coes Creek,Sunshine Coast,4560
Coolum Beach,Sunshine Coast,4573
Cotton Tree,Sunshine Coast,4558
Diddillibah,Sunshine Coast,4559
Doonan,Sunshine Coast,4562
Earwah Vale,Sunshine Coast,4562
Eumundi,Sunshine Coast,4562
Forest Glen,Sunshine Coast,4556
Highworth,Sunshine Coast,4560
Ilkley,Sunshine Coast,4554
Kiels Mountain,Sunshine Coast,4559
Kulangoor,Sunshine Coast,4560
Kuluin,Sunshine Coast,4558
Kunda Park,Sunshine Coast,4556
Marcoola,Sunshine Coast,4564
Maroochy River,Sunshine Coast,4561
Maroochydore,Sunshine Coast,4558
Mons,Sunshine Coast,4556
Mooloolaba,Sunshine Coast,4557
Mount Coolum,Sunshine Coast,4573
Mountain Creek,Sunshine Coast,4557
Mudjimba,Sunshine Coast,4564
Nambour,Sunshine Coast,4560
Ninderry,Sunshine Coast,4561
North Arm,Sunshine Coast,4561
Pacific Paradise,Sunshine Coast,4564
Peregian Springs,Sunshine Coast,4573
Point Arkwright,Sunshine Coast,4573
Rosemount,Sunshine Coast,4560
SIppy Downs,Sunshine Coast,4556
Tanawha,Sunshine Coast,4556
Twin Waters,Sunshine Coast,4558
Valdora,Sunshine Coast,4561
Verrierdale,Sunshine Coast,4562
Weyba Downs,Sunshine Coast,4562
Woombye,Sunshine Coast,4559
Yandina Creek,Sunshine Coast,4561
Yaroomba,Sunshine Coast,4573
Castaway Beach,Sunshine Coast,4567
Noosa Heads,Sunshine Coast,4567
Noosaville,Sunshine Coast,4566
Sunrise Beach,Sunshine Coast,4567
Sunshine Beach,Sunshine Coast,4567
Tewantin,Sunshine Coast,4565
Marcus Beach,Sunshine Coast,4573
Noosa North Shore,Sunshine Coast,4565
Cooroy,Sunshine Coast,4563
Tinbeerwah,Sunshine Coast,4563
Burnside,Gold Coast,4208
Gilberton,Gold Coast,4208
Halfway Creek,Gold Coast,4208
Jacobs Well,Gold Coast,4208
Kingsholme,Gold Coast,4208
Norwell,Gold Coast,4208
Ormeau,Gold Coast,4208
Ormeau Hills,Gold Coast,4208
Boykambil,Gold Coast,4212
Helensvale,Gold Coast,4212
Helensvale Town Centre,Gold Coast,4212
Hope Island,Gold Coast,4212
Monterey Keys,Gold Coast,4212
Sanctuary Cove,Gold Coast,4212
Santa Barbara,Gold Coast,4212
,Gold Coast,4213
Arundel,Gold Coast,4214
Arundel Bc,Gold Coast,4214
Arundel Dc,Gold Coast,4214
Ashmore,Gold Coast,4214
Ashmore City,Gold Coast,4214
Molendinar,Gold Coast,4214
Parkwood,Gold Coast,4214
Australia Fair,Gold Coast,4215
Chirn Park,Gold Coast,4215
Keebra Park,Gold Coast,4215
Labrador,Gold Coast,4215
Southport,Gold Coast,4215
Southport Bc,Gold Coast,4215
Southport Park,Gold Coast,4215
Sundale,Gold Coast,4215
,Gold Coast,4216
Benowa,Gold Coast,4217
Bundall,Gold Coast,4217
Bundall Bc,Gold Coast,4217
Bundall Dc,Gold Coast,4217
Chevron Island,Gold Coast,4217
Gold Coast Mc,Gold Coast,4217
Isle Of Capri,Gold Coast,4217
Main Beach,Gold Coast,4217
Paradise Island,Gold Coast,4217
Paradise Waters,Gold Coast,4217
Sorrento,Gold Coast,4217
Surfers Paradise,Gold Coast,4217
The Spit,Gold Coast,4217
Broadbeach,Gold Coast,4218
Broadbeach Waters,Gold Coast,4218
Cypress Gardens,Gold Coast,4218
Florida Gardens,Gold Coast,4218
Mermaid Beach,Gold Coast,4218
Mermaid Keys,Gold Coast,4218
Mermaid Waters,Gold Coast,4218
Miami Keys,Gold Coast,4218
Moana Park,Gold Coast,4218
Nobby Beach,Gold Coast,4218
Pacific Fair,Gold Coast,4218
Q Supercentre,Gold Coast,4218
Rialto,Gold Coast,4218
Rio Vista,Gold Coast,4218
West Burleigh,Gold Coast,4219
Burleigh Bc,Gold Coast,4220
Burleigh Dc,Gold Coast,4220
Burleigh Heads,Gold Coast,4220
Burleigh Town,Gold Coast,4220
Burleigh Waters,Gold Coast,4220
Miami,Gold Coast,4220
Tally Valley,Gold Coast,4220
Elanora,Gold Coast,4221
Palm Beach,Gold Coast,4221
,Gold Coast,4223
Tugun,Gold Coast,4224
Tugun Heights,Gold Coast,4224
Clear Island Waters,Gold Coast,4226
Kerrydale,Gold Coast,4226
Merrimac,Gold Coast,4226
Robina,Gold Coast,4226
Robina Dc,Gold Coast,4226
Reedy Creek,Gold Coast,4227
Varsity Lakes,Gold Coast,4227
,Gold Coast,4228
Bond University,Gold Coast,4229
Robina Town Centre,Gold Coast,4230
Nerang/ Pac Pine,Gold Coast,4211
Oxenford/Maudsland,Gold Coast,4210
Mount Tamborine,Gold Coast,4272
Mudgereba,Gold Coast,4213
,Gold Coast,4209
Coolangatta,Gold Coast,4225
,Gold Coast,4275
Tweed Heads,Gold Coast,2485
Enora Point,Gold Coast,2486
Boomi,NSW,2405
Mungindi,NSW,2406
Moree,NSW,2400
Inverell,NSW,2360
Warialda,NSW,2402
Glen Innes,NSW,2370
Deepwater,NSW,2371
Tenterfield,NSW,2372
Garah,NSW,2407
Gravesend,NSW,2401
Ballendean,QLD,4382
GlenAplin,QLD,4381
Stanthorpe,QLD,4380
Warwick,QLD,4370
Allora,QLD,4362
Spring Creek,QLD,4361
Clifton,QLD,4361
Greenmount,QLD,4359
Warra,QLD,4411
Surat,QLD,4417
St George,QLD,4487
Chinchilla,QLD,4413
Nindigully,QLD,4497
Miles,QLD,4415
Talwood,QLD,4496
Toobeah,QLD,4498
Drillham,QLD,4424
Dulacca,QLD,4425
Yuleba,QLD,4427
Wallumbilla,QLD,4428
Roma,QLD,4465
Emerald,QLD,4720
Brigalow,QLD,4415
Blackwater,QLD,4717
Bluff,QLD,4702
Dingo,QLD,4702
Injune,QLD,4454
Duaringa,QLD,4712
Rolleston,QLD,4702
Moura,QLD,4718
Springsure,QLD,4722
Taroom,QLD,4420
Theodore,QLD,4719
Wandoan,QLD,4419
Pittsworth,QLD,4356
Southbrook,QLD,4363
Linthorpe,QLD,4356
Millmerran,QLD,4357
Cypress Gardens,QLD,4357
Goondiwindi,QLD,4390
Inglewood,QLD,4387
Yelarborn,QLD,4388
Oakey,QLD,4401
Kingsthorpe,QLD,4400
Goombungee,QLD,4354
Kulpi,QLD,4352
Evergreen,QLD,4352
Toowoomba,QLD,4350
Cabarlah,QLD,4352
Peachey,QLD,4352
Narrabri,NSW,2390
Gunnedah,NSW,2380